insert into roles (id, descripcion, nombre) values (1, 'rol de doctor','DOCTOR');
insert into roles (id, descripcion, nombre) values (2, 'rol de administrativo','ADMINISTRATIVO');
insert into roles (id, descripcion, nombre) values (3, 'rol de secreataria','SECRETARIA');
insert into roles (id, descripcion, nombre) values (4, 'rol de paciente','PACIENTE');

insert into patologias (id, nombre, descripcion) values (1, 'Burn 3rd deg mu sites of unsp lower limb, ex ank/ft, init', 'Burn of third degree of multiple sites of unspecified lower limb, except ankle and foot, initial encounter');
insert into patologias (id, nombre, descripcion) values (2, 'Other specified bursopathies, multiple sites', 'Other specified bursopathies, multiple sites');
insert into patologias (id, nombre, descripcion) values (3, 'Cutaneous abscess of limb, unspecified', 'Cutaneous abscess of limb, unspecified');
insert into patologias (id, nombre, descripcion) values (4, 'Giant cell arteritis with polymyalgia rheumatica', 'Giant cell arteritis with polymyalgia rheumatica');
insert into patologias (id, nombre, descripcion) values (5, 'Displaced comminuted fx shaft of humerus, left arm, init', 'Displaced comminuted fracture of shaft of humerus, left arm, initial encounter for closed fracture');
insert into patologias (id, nombre, descripcion) values (6, 'Oth disp fx of lower end of left humerus, init for clos fx', 'Other displaced fracture of lower end of left humerus, initial encounter for closed fracture');
insert into patologias (id, nombre, descripcion) values (7, 'Sprain of interphalangeal joint of left thumb', 'Sprain of interphalangeal joint of left thumb');
insert into patologias (id, nombre, descripcion) values (8, 'Unsp pedl cyclst injured in clsn w ped/anml in traf, init', 'Unspecified pedal cyclist injured in collision with pedestrian or animal in traffic accident, initial encounter');
insert into patologias (id, nombre, descripcion) values (9, 'Basal cell carcinoma skin/ right upper limb, inc shoulder', 'Basal cell carcinoma of skin of right upper limb, including shoulder');
insert into patologias (id, nombre, descripcion) values (10, 'Pathological fracture in other disease, hip, unsp, sequela', 'Pathological fracture in other disease, hip, unspecified, sequela');
insert into patologias (id, nombre, descripcion) values (11, 'Hit by object from burning bldg in uncntrld fire, sequela', 'Hit by object from burning building or structure in uncontrolled fire, sequela');
insert into patologias (id, nombre, descripcion) values (12, 'Pedl cyc passenger injured in clsn w oth mv in traf, init', 'Pedal cycle passenger injured in collision with other motor vehicles in traffic accident, initial encounter');
insert into patologias (id, nombre, descripcion) values (13, 'Furuncle of face', 'Furuncle of face');
insert into patologias (id, nombre, descripcion) values (14, 'Laceration with foreign body of unsp elbow, subs encntr', 'Laceration with foreign body of unspecified elbow, subsequent encounter');
insert into patologias (id, nombre, descripcion) values (15, 'Primarily systemic and hematological agents', 'Poisoning by, adverse effect of and underdosing of other primarily systemic and hematological agents');
insert into patologias (id, nombre, descripcion) values (16, 'Disp fx of neck of first metacarpal bone, left hand', 'Displaced fracture of neck of first metacarpal bone, left hand');
insert into patologias (id, nombre, descripcion) values (17, 'Pneumonia, unspecified organism', 'Pneumonia, unspecified organism');
insert into patologias (id, nombre, descripcion) values (18, 'Obst labor due to incmpl rotation of fetal head, fetus 3', 'Obstructed labor due to incomplete rotation of fetal head, fetus 3');
insert into patologias (id, nombre, descripcion) values (19, 'Other childhood disintegrative disorder', 'Other childhood disintegrative disorder');
insert into patologias (id, nombre, descripcion) values (20, 'Fracture of oth skull and facial bones, unspecified side', 'Fracture of other specified skull and facial bones, unspecified side');
insert into patologias (id, nombre, descripcion) values (21, 'Other subluxation of unspecified patella', 'Other subluxation of unspecified patella');
insert into patologias (id, nombre, descripcion) values (22, 'Maternal care for (suspected) cnsl malform in fetus, fetus 4', 'Maternal care for (suspected) central nervous system malformation in fetus, fetus 4');
insert into patologias (id, nombre, descripcion) values (23, 'Immuniz not crd out because of patient belief/grp pressr', 'Immunization not carried out because of patient decision for reasons of belief or group pressure');
insert into patologias (id, nombre, descripcion) values (24, 'Insect bite (nonvenomous) of left front wall of thorax', 'Insect bite (nonvenomous) of left front wall of thorax');
insert into patologias (id, nombre, descripcion) values (25, 'Oth traum displ spondylolysis of 7th cervcal vert, 7thB', 'Other traumatic displaced spondylolisthesis of seventh cervical vertebra, initial encounter for open fracture');
insert into patologias (id, nombre, descripcion) values (26, 'Unspecified congenital malformation of bladder and urethra', 'Unspecified congenital malformation of bladder and urethra');
insert into patologias (id, nombre, descripcion) values (27, 'War operations involving unsp explosion and fragments, milt', 'War operations involving unspecified explosion and fragments, military personnel');
insert into patologias (id, nombre, descripcion) values (28, 'Disp fx of base of fourth MC bone, l hand, init for opn fx', 'Displaced fracture of base of fourth metacarpal bone, left hand, initial encounter for open fracture');
insert into patologias (id, nombre, descripcion) values (29, 'Disp fx of r ulna styloid pro, 7thN', 'Displaced fracture of right ulna styloid process, subsequent encounter for open fracture type IIIA, IIIB, or IIIC with nonunion');
insert into patologias (id, nombre, descripcion) values (30, 'Burn of first degree of left wrist, sequela', 'Burn of first degree of left wrist, sequela');
insert into patologias (id, nombre, descripcion) values (31, 'Lacerat unsp musc/fasc/tend at thigh level, left thigh, init', 'Laceration of unspecified muscles, fascia and tendons at thigh level, left thigh, initial encounter');
insert into patologias (id, nombre, descripcion) values (32, 'Unsp pedl cyclst inj in clsn w nonmtr vehicle nontraf, sqla', 'Unspecified pedal cyclist injured in collision with other nonmotor vehicle in nontraffic accident, sequela');
insert into patologias (id, nombre, descripcion) values (33, 'Unspecified injury of left Achilles tendon, sequela', 'Unspecified injury of left Achilles tendon, sequela');
insert into patologias (id, nombre, descripcion) values (34, 'Burn of unspecified degree of male genital region, sequela', 'Burn of unspecified degree of male genital region, sequela');
insert into patologias (id, nombre, descripcion) values (35, 'Pregnancy w inconclusive fetal viability, unsp', 'Pregnancy with inconclusive fetal viability, not applicable or unspecified');
insert into patologias (id, nombre, descripcion) values (36, 'Complete traum amp at level betw left hip and knee, sequela', 'Complete traumatic amputation at level between left hip and knee, sequela');
insert into patologias (id, nombre, descripcion) values (37, 'Disp fx of intermed cuneiform of r ft, 7thK', 'Displaced fracture of intermediate cuneiform of right foot, subsequent encounter for fracture with nonunion');
insert into patologias (id, nombre, descripcion) values (38, 'Laceration w fb of abd wall, unsp quadrant w penet perit cav', 'Laceration with foreign body of abdominal wall, unspecified quadrant with penetration into peritoneal cavity');
insert into patologias (id, nombre, descripcion) values (39, 'Unsp pedl cyclst injured in clsn w ped/anml in traf, sequela', 'Unspecified pedal cyclist injured in collision with pedestrian or animal in traffic accident, sequela');
insert into patologias (id, nombre, descripcion) values (40, 'Laceration without foreign body of unsp part of thorax', 'Laceration without foreign body of unspecified part of thorax');
insert into patologias (id, nombre, descripcion) values (41, 'Laceration of intercostal blood vessels, right side, subs', 'Laceration of intercostal blood vessels, right side, subsequent encounter');
insert into patologias (id, nombre, descripcion) values (42, 'Sltr-haris Type IV physl fx upr end rad, unsp arm, 7thK', 'Salter-Harris Type IV physeal fracture of upper end of radius, unspecified arm, subsequent encounter for fracture with nonunion');
insert into patologias (id, nombre, descripcion) values (43, 'Nondisp fx of lateral malleolus of r fibula, 7thM', 'Nondisplaced fracture of lateral malleolus of right fibula, subsequent encounter for open fracture type I or II with nonunion');
insert into patologias (id, nombre, descripcion) values (44, 'Intentional self-harm by handgun discharge, sequela', 'Intentional self-harm by handgun discharge, sequela');
insert into patologias (id, nombre, descripcion) values (45, 'Athscl autol vein bypass of the extrm w gangrene, right leg', 'Atherosclerosis of autologous vein bypass graft(s) of the extremities with gangrene, right leg');
insert into patologias (id, nombre, descripcion) values (46, 'Superficial frostbite of right hand', 'Superficial frostbite of right hand');
insert into patologias (id, nombre, descripcion) values (47, 'Unsp disp fx of 4th cervcal vert, subs for fx w delay heal', 'Unspecified displaced fracture of fourth cervical vertebra, subsequent encounter for fracture with delayed healing');
insert into patologias (id, nombre, descripcion) values (48, 'Superficial foreign body, unspecified foot, init encntr', 'Superficial foreign body, unspecified foot, initial encounter');
insert into patologias (id, nombre, descripcion) values (49, 'Corros first deg mult sites of right lower limb, ex ank/ft', 'Corrosion of first degree of multiple sites of right lower limb, except ankle and foot');
insert into patologias (id, nombre, descripcion) values (50, 'Fracture of one rib, unspecified side, sequela', 'Fracture of one rib, unspecified side, sequela');


insert into tratamientos (id, nombre, descripcion) values (1, 'Remov intralum stoma FB', 'Removal of intraluminal foreign body from artificial stoma without incision');
insert into tratamientos (id, nombre, descripcion) values (2, 'Inc soft tissue hand NEC', 'Other incision of soft tissue of hand');
insert into tratamientos (id, nombre, descripcion) values (3, 'Tu destruc bladd les NEC', 'Other transurethral excision or destruction of lesion or tissue of bladder');
insert into tratamientos (id, nombre, descripcion) values (4, 'Debrid open fx-humerus', 'Debridement of open fracture site, humerus');
insert into tratamientos (id, nombre, descripcion) values (5, 'High gastric bypass', 'High gastric bypass');
insert into tratamientos (id, nombre, descripcion) values (6, 'Intra-abdomin shunt NEC', 'Other intra-abdominal vascular shunt or bypass');
insert into tratamientos (id, nombre, descripcion) values (7, 'Refusion of spine NEC', 'Refusion of spine, not elsewhere classified');
insert into tratamientos (id, nombre, descripcion) values (8, 'Highly select vagotomy', 'Highly selective vagotomy');
insert into tratamientos (id, nombre, descripcion) values (9, 'Contrast phlebogram NEC', 'Phlebography of other specified sites using contrast material');
insert into tratamientos (id, nombre, descripcion) values (10, 'Epilation of skin', 'Electrolysis and other epilation of skin');
insert into tratamientos (id, nombre, descripcion) values (11, 'Corneal incision', 'Incision of cornea');
insert into tratamientos (id, nombre, descripcion) values (12, 'Scler fistuliz w iridect', 'Other scleral fistulization with iridectomy');
insert into tratamientos (id, nombre, descripcion) values (13, 'Ins bone void filler', 'Insertion of bone void filler');
insert into tratamientos (id, nombre, descripcion) values (14, 'Inj/inf platelet inhibit', 'Injection or infusion of platelet inhibitor');
insert into tratamientos (id, nombre, descripcion) values (15, 'Bile duct repair NEC', 'Repair of other bile ducts');
insert into tratamientos (id, nombre, descripcion) values (16, 'Hip surface, metal/poly', 'Hip bearing surface, metal-on-polyethylene');
insert into tratamientos (id, nombre, descripcion) values (17, 'Ins inflate penis prosth', 'Insertion or replacement of inflatable penile prosthesis');
insert into tratamientos (id, nombre, descripcion) values (18, 'Tonsil/adenoid ops NEC', 'Other operations on tonsils and adenoids');
insert into tratamientos (id, nombre, descripcion) values (19, 'Imp bivn ext hrt ast sys', 'Implantation or insertion of biventricular external heart assist system');
insert into tratamientos (id, nombre, descripcion) values (20, 'Tube & uterus x-ray NEC', 'Other x-ray of fallopian tubes and uterus');
insert into tratamientos (id, nombre, descripcion) values (21, 'Aspir soft tiss hand NEC', 'Aspiration of other soft tissue of hand');
insert into tratamientos (id, nombre, descripcion) values (22, 'Disarticulation of hip', 'Disarticulation of hip');
insert into tratamientos (id, nombre, descripcion) values (23, 'Osteoclasis-chest cage', 'Osteoclasis, scapula, clavicle, and thorax [ribs and sternum]');
insert into tratamientos (id, nombre, descripcion) values (24, 'Int fixation-metatar/tar', 'Internal fixation of bone without fracture reduction, tarsals and metatarsals');
insert into tratamientos (id, nombre, descripcion) values (25, 'Other perm tracheostomy', 'Other permanent tracheostomy');
insert into tratamientos (id, nombre, descripcion) values (26, 'Cardiac stress test NEC', 'Other cardiovascular stress test');
insert into tratamientos (id, nombre, descripcion) values (27, 'Polysomnogram', 'Polysomnogram');
insert into tratamientos (id, nombre, descripcion) values (28, 'Detach retina laser coag', 'Repair of retinal detachment with laser photocoagulation');
insert into tratamientos (id, nombre, descripcion) values (29, 'Endotracheal bronchogram', 'Endotracheal bronchogram');
insert into tratamientos (id, nombre, descripcion) values (30, 'Infundibulectomy', 'Infundibulectomy');
insert into tratamientos (id, nombre, descripcion) values (31, 'Cont inv mec ven 96+ hrs', 'Continuous invasive mechanical ventilation for 96 consecutive hours or more');
insert into tratamientos (id, nombre, descripcion) values (32, 'Ligation of ureter', 'Ligation of ureter');
insert into tratamientos (id, nombre, descripcion) values (33, 'Cls reduc-sep epiphy NOS', 'Closed reduction of separated epiphysis, unspecified site');
insert into tratamientos (id, nombre, descripcion) values (34, 'Rev knee replacemt-total', 'Revision of knee replacement, total (all components)');
insert into tratamientos (id, nombre, descripcion) values (35, 'Bile duct anastomos NEC', 'Other bile duct anastomosis');
insert into tratamientos (id, nombre, descripcion) values (36, 'Amputation through hand', 'Amputation through hand');
insert into tratamientos (id, nombre, descripcion) values (37, 'Anal/perian dx proc NEC', 'Other diagnostic procedures on anus and perianal tissue');
insert into tratamientos (id, nombre, descripcion) values (38, 'Vectorcardiogram', 'Vectorcardiogram (with ECG)');
insert into tratamientos (id, nombre, descripcion) values (39, 'Sphenopalatin ganglionec', 'Sphenopalatine ganglionectomy');
insert into tratamientos (id, nombre, descripcion) values (40, 'Chest cage bone biopsy', 'Biopsy of bone, scapula, clavicle, and thorax [ribs and sternum]');
insert into tratamientos (id, nombre, descripcion) values (41, 'Closure of tracheostomy', 'Closure of external fistula of trachea');
insert into tratamientos (id, nombre, descripcion) values (42, 'Bartholin''s gland op NEC', 'Other operations on Bartholin''s gland');
insert into tratamientos (id, nombre, descripcion) values (43, 'Tracheostomy toilette', 'Tracheostomy toilette');
insert into tratamientos (id, nombre, descripcion) values (44, 'Skin defect tattooing', 'Injection or tattooing of skin lesion or defect');
insert into tratamientos (id, nombre, descripcion) values (45, 'Excision of ankle NEC', 'Other excision of joint, ankle');
insert into tratamientos (id, nombre, descripcion) values (46, 'Comb alco/drug reha/deto', 'Combined alcohol and drug rehabilitation and detoxification');
insert into tratamientos (id, nombre, descripcion) values (47, 'Rev jt repl low ext NEC', 'Revision of joint replacement of lower extremity, not elsewhere classified');
insert into tratamientos (id, nombre, descripcion) values (48, 'Excision hand muscle les', 'Excision of lesion of muscle of hand');
insert into tratamientos (id, nombre, descripcion) values (49, 'Intracran vessel excis', 'Other excision of vessels, intracranial vessels');
insert into tratamientos (id, nombre, descripcion) values (50, 'Tympanic injection', 'Injection of tympanum');

insert into usuarios (id, cedula, nombre, apellido, fecha_nacimiento, direccion, telefono, email, usuario, clave) values (1, 7333805, 'Vilma', 'Olijve', '04-01-1998', 'Pennsylvania', '(610) 9514758', 'volijve0@biblegateway.com', 'volijve0', 'w6C9wD57');
insert into usuarios (id, cedula, nombre, apellido, fecha_nacimiento, direccion, telefono, email, usuario, clave) values (2, 7072240, 'Imelda', 'Peert', '10-01-2023', 'Pennsylvania', '(570) 3179698', 'ipeert1@taobao.com', 'ipeert1', 'AP6SbBD');
insert into usuarios (id, cedula, nombre, apellido, fecha_nacimiento, direccion, telefono, email, usuario, clave) values (3, 5619380, 'Stinky', 'Schuler', '31-10-1992', 'Texas', '(713) 7402207', 'sschuler2@altervista.org', 'sschuler2', 'ruC8QQmgpw4');
insert into usuarios (id, cedula, nombre, apellido, fecha_nacimiento, direccion, telefono, email, usuario, clave) values (4, 8943867, 'Thorstein', 'Perillo', '12-03-2000', 'California', '(916) 5397102', 'tperillo3@state.tx.us', 'tperillo3', '01Zaqa');
insert into usuarios (id, cedula, nombre, apellido, fecha_nacimiento, direccion, telefono, email, usuario, clave) values (5, 7562691, 'Reynolds', 'Clamp', '01-09-2009', 'Delaware', '(302) 7110232', 'rclamp4@microsoft.com', 'rclamp4', 'E3Q5A1mwsG');
insert into usuarios (id, cedula, nombre, apellido, fecha_nacimiento, direccion, telefono, email, usuario, clave) values (6, 7990122, 'Lenora', 'Streak', '08-10-2004', 'Illinois', '(815) 1504337', 'lstreak5@marketwatch.com', 'lstreak5', 'DxgR7BA5x');
insert into usuarios (id, cedula, nombre, apellido, fecha_nacimiento, direccion, telefono, email, usuario, clave) values (7, 8508547, 'Edy', 'Antal', '21-10-1991', 'Arizona', '(520) 3164750', 'eantal6@goodreads.com', 'eantal6', 'JtcUAL');
insert into usuarios (id, cedula, nombre, apellido, fecha_nacimiento, direccion, telefono, email, usuario, clave) values (8, 8649021, 'Aigneis', 'Harkness', '05-06-2008', 'Louisiana', '(318) 5568068', 'aharkness7@newsvine.com', 'aharkness7', 'E1SceR5Dv2');
insert into usuarios (id, cedula, nombre, apellido, fecha_nacimiento, direccion, telefono, email, usuario, clave) values (9, 5868302, 'Moe', 'De Vile', '23-05-2007', 'Arkansas', '(501) 1504776', 'mdevile8@ft.com', 'mdevile8', '8OKyzUodha');
insert into usuarios (id, cedula, nombre, apellido, fecha_nacimiento, direccion, telefono, email, usuario, clave) values (10, 7722619, 'Cornall', 'Pethybridge', '29-07-1993', 'California', '(213) 1714025', 'cpethybridge9@nba.com', 'cpethybridge9', 'jgdmy4');
insert into usuarios (id, cedula, nombre, apellido, fecha_nacimiento, direccion, telefono, email, usuario, clave) values (11, 9333403, 'Isac', 'Cattle', '03-06-2018', 'District of Columbia', '(202) 7565788', 'icattlea@msu.edu', 'icattlea', 'V0H1XC6jCR');
insert into usuarios (id, cedula, nombre, apellido, fecha_nacimiento, direccion, telefono, email, usuario, clave) values (12, 5341221, 'Holly', 'Cookney', '08-01-2006', 'Ohio', '(937) 8291764', 'hcookneyb@nps.gov', 'hcookneyb', 'huWvUuu');
insert into usuarios (id, cedula, nombre, apellido, fecha_nacimiento, direccion, telefono, email, usuario, clave) values (13, 5805610, 'Odette', 'Faivre', '19-10-1997', 'California', '(415) 7868698', 'ofaivrec@tumblr.com', 'ofaivrec', 'WnRHjS');
insert into usuarios (id, cedula, nombre, apellido, fecha_nacimiento, direccion, telefono, email, usuario, clave) values (14, 6411501, 'Hashim', 'Bringloe', '05-01-2009', 'Idaho', '(208) 9378800', 'hbringloed@nydailynews.com', 'hbringloed', 'u6Rc82U');
insert into usuarios (id, cedula, nombre, apellido, fecha_nacimiento, direccion, telefono, email, usuario, clave) values (15, 8556225, 'Marcos', 'Fishburn', '30-12-2012', 'Minnesota', '(952) 2908950', 'mfishburne@yale.edu', 'mfishburne', 'CDRtKj5td');
insert into usuarios (id, cedula, nombre, apellido, fecha_nacimiento, direccion, telefono, email, usuario, clave) values (16, 5906082, 'Berkie', 'Kavanagh', '19-09-2012', 'Texas', '(210) 5596894', 'bkavanaghf@sogou.com', 'bkavanaghf', 'jVPmU4SGJI');
insert into usuarios (id, cedula, nombre, apellido, fecha_nacimiento, direccion, telefono, email, usuario, clave) values (17, 9301383, 'Boniface', 'Aguilar', '16-11-1999', 'California', '(714) 9748881', 'baguilarg@dell.com', 'baguilarg', '6YFIAhR2Pro');
insert into usuarios (id, cedula, nombre, apellido, fecha_nacimiento, direccion, telefono, email, usuario, clave) values (18, 5348548, 'Gregg', 'Starcks', '08-10-2003', 'Nevada', '(702) 4653574', 'gstarcksh@guardian.co.uk', 'gstarcksh', '2OVpCu7vb');
insert into usuarios (id, cedula, nombre, apellido, fecha_nacimiento, direccion, telefono, email, usuario, clave) values (19, 5011166, 'Jacky', 'Perring', '17-01-2012', 'New York', '(315) 4035088', 'jperringi@elpais.com', 'jperringi', 'aQpxmAzC');
insert into usuarios (id, cedula, nombre, apellido, fecha_nacimiento, direccion, telefono, email, usuario, clave) values (20, 7954019, 'Vivyanne', 'Von Der Empten', '12-08-2016', 'Arizona', '(602) 9501880', 'vvonderemptenj@shinystat.com', 'vvonderemptenj', 'aZQX1sL');
insert into usuarios (id, cedula, nombre, apellido, fecha_nacimiento, direccion, telefono, email, usuario, clave) values (21, 8895111, 'Steffie', 'Arboine', '03-12-1999', 'Minnesota', '(952) 7582568', 'sarboinek@yellowbook.com', 'sarboinek', '3qRFs6E');
insert into usuarios (id, cedula, nombre, apellido, fecha_nacimiento, direccion, telefono, email, usuario, clave) values (22, 9145064, 'Ariadne', 'Gervaise', '13-10-2021', 'Florida', null, 'agervaisel@illinois.edu', 'agervaisel', 'GwJQVkfKa');
insert into usuarios (id, cedula, nombre, apellido, fecha_nacimiento, direccion, telefono, email, usuario, clave) values (23, 6045896, 'Burnaby', 'Bapty', '17-02-1991', 'California', '(415) 5014504', 'bbaptym@whitehouse.gov', 'bbaptym', 'bN4HEyEKS');
insert into usuarios (id, cedula, nombre, apellido, fecha_nacimiento, direccion, telefono, email, usuario, clave) values (24, 5962274, 'Camellia', 'Sidlow', '25-07-2007', 'Delaware', '(302) 7751265', 'csidlown@illinois.edu', 'csidlown', 'MRh6t8XqN');
insert into usuarios (id, cedula, nombre, apellido, fecha_nacimiento, direccion, telefono, email, usuario, clave) values (25, 8043114, 'Jodee', 'Cozins', '31-07-2014', 'Minnesota', '(651) 1906632', 'jcozinso@oaic.gov.au', 'jcozinso', 'CFI9FWe0L');
insert into usuarios (id, cedula, nombre, apellido, fecha_nacimiento, direccion, telefono, email, usuario, clave) values (26, 5728833, 'Stella', 'Barrable', '05-02-2023', 'California', '(559) 8819051', 'sbarrablep@china.com.cn', 'sbarrablep', 'lfrbvGmHjNi');
insert into usuarios (id, cedula, nombre, apellido, fecha_nacimiento, direccion, telefono, email, usuario, clave) values (27, 9515513, 'Aubry', 'Carriage', '24-06-2021', 'Connecticut', null, 'acarriageq@irs.gov', 'acarriageq', 't8NE9IS4a');
insert into usuarios (id, cedula, nombre, apellido, fecha_nacimiento, direccion, telefono, email, usuario, clave) values (28, 9137742, 'Emory', 'Bohills', '17-09-2005', 'Arizona', '(602) 3844287', 'ebohillsr@mtv.com', 'ebohillsr', 'j0gmwk6AxvX');
insert into usuarios (id, cedula, nombre, apellido, fecha_nacimiento, direccion, telefono, email, usuario, clave) values (29, 6001716, 'Elizabet', 'Lemery', '22-02-2009', 'California', '(818) 1062399', 'elemerys@jugem.jp', 'elemerys', 'WdSTxionN46R');
insert into usuarios (id, cedula, nombre, apellido, fecha_nacimiento, direccion, telefono, email, usuario, clave) values (30, 8722286, 'Ingmar', 'Corbally', '15-03-2010', 'Connecticut', '(203) 3043879', 'icorballyt@house.gov', 'icorballyt', 'wN2JcrUAoBtm');
insert into usuarios (id, cedula, nombre, apellido, fecha_nacimiento, direccion, telefono, email, usuario, clave) values (31, 7977288, 'Yuma', 'Lalley', '29-03-1990', 'California', '(562) 8293308', 'ylalleyu@cyberchimps.com', 'ylalleyu', 'wQO9uTi2Tp');
insert into usuarios (id, cedula, nombre, apellido, fecha_nacimiento, direccion, telefono, email, usuario, clave) values (32, 5331743, 'Jeannie', 'Marchment', '02-01-1998', 'Connecticut', '(860) 8413774', 'jmarchmentv@usda.gov', 'jmarchmentv', '4g4yo120');
insert into usuarios (id, cedula, nombre, apellido, fecha_nacimiento, direccion, telefono, email, usuario, clave) values (33, 9471102, 'Morganne', 'Renowden', '03-11-2008', 'North Carolina', '(704) 4962480', 'mrenowdenw@huffingtonpost.com', 'mrenowdenw', 'eay85x6zDz6');
insert into usuarios (id, cedula, nombre, apellido, fecha_nacimiento, direccion, telefono, email, usuario, clave) values (34, 5244799, 'Chrissie', 'Cristofano', '23-09-2013', 'Louisiana', '(225) 9432687', 'ccristofanox@newyorker.com', 'ccristofanox', 'MIC9w8de0');
insert into usuarios (id, cedula, nombre, apellido, fecha_nacimiento, direccion, telefono, email, usuario, clave) values (35, 7226516, 'Averyl', 'Tuffey', '04-03-2011', 'California', '(323) 1115438', 'atuffeyy@alibaba.com', 'atuffeyy', '979iX5wBWWSZ');
insert into usuarios (id, cedula, nombre, apellido, fecha_nacimiento, direccion, telefono, email, usuario, clave) values (36, 9603380, 'Pernell', 'Jenicke', '28-04-1998', 'Utah', '(801) 2727617', 'pjenickez@4shared.com', 'pjenickez', '0t2Ox1');
insert into usuarios (id, cedula, nombre, apellido, fecha_nacimiento, direccion, telefono, email, usuario, clave) values (37, 5168570, 'Vittorio', 'Unger', '28-08-2007', 'District of Columbia', '(202) 7046213', 'vunger10@e-recht24.de', 'vunger10', 'ZBbT6Qa');
insert into usuarios (id, cedula, nombre, apellido, fecha_nacimiento, direccion, telefono, email, usuario, clave) values (38, 5831201, 'Perrine', 'Espino', '12-10-2017', 'Florida', '(772) 4591591', 'pespino11@indiatimes.com', 'pespino11', 'z0Ln62');
insert into usuarios (id, cedula, nombre, apellido, fecha_nacimiento, direccion, telefono, email, usuario, clave) values (39, 8701540, 'Nate', 'Staniland', '09-06-1994', 'Pennsylvania', '(215) 5524929', 'nstaniland12@bloomberg.com', 'nstaniland12', 'aLj7xRqSte');
insert into usuarios (id, cedula, nombre, apellido, fecha_nacimiento, direccion, telefono, email, usuario, clave) values (40, 9606322, 'Alessandro', 'Janak', '21-12-2017', 'California', '(310) 1588143', 'ajanak13@usda.gov', 'ajanak13', 'XsQmZpR');
insert into usuarios (id, cedula, nombre, apellido, fecha_nacimiento, direccion, telefono, email, usuario, clave) values (41, 7700794, 'Laughton', 'Keay', '04-09-2013', 'California', '(916) 8681332', 'lkeay14@marketwatch.com', 'lkeay14', 'n5lH4s3Ol61N');
insert into usuarios (id, cedula, nombre, apellido, fecha_nacimiento, direccion, telefono, email, usuario, clave) values (42, 9137737, 'Tanny', 'Furnival', '22-08-2002', 'Maryland', '(301) 6142393', 'tfurnival15@chron.com', 'tfurnival15', '39ftJ1XsX');
insert into usuarios (id, cedula, nombre, apellido, fecha_nacimiento, direccion, telefono, email, usuario, clave) values (43, 9866314, 'Bren', 'McManamen', '14-12-2004', 'Texas', '(325) 8623284', 'bmcmanamen16@blogspot.com', 'bmcmanamen16', 'rAbOicOAO');
insert into usuarios (id, cedula, nombre, apellido, fecha_nacimiento, direccion, telefono, email, usuario, clave) values (44, 9837775, 'Tedmund', 'Kroch', '12-02-2019', 'Florida', '(321) 8860447', 'tkroch17@wikimedia.org', 'tkroch17', 'p5Q4yeo');
insert into usuarios (id, cedula, nombre, apellido, fecha_nacimiento, direccion, telefono, email, usuario, clave) values (45, 5528396, 'Read', 'Gyppes', '28-01-2006', 'Ohio', '(419) 9738255', 'rgyppes18@t.co', 'rgyppes18', 'lkYKevJqR');
insert into usuarios (id, cedula, nombre, apellido, fecha_nacimiento, direccion, telefono, email, usuario, clave) values (46, 9963690, 'Jessamyn', 'Wildes', '14-03-1995', 'Colorado', '(303) 7066026', 'jwildes19@163.com', 'jwildes19', '0GQi9h9cHXx');
insert into usuarios (id, cedula, nombre, apellido, fecha_nacimiento, direccion, telefono, email, usuario, clave) values (47, 8019699, 'Chaddie', 'Cruikshank', '01-12-2004', 'North Carolina', '(704) 8286522', 'ccruikshank1a@toplist.cz', 'ccruikshank1a', 'Iw08Yk4QpXcg');
insert into usuarios (id, cedula, nombre, apellido, fecha_nacimiento, direccion, telefono, email, usuario, clave) values (48, 7234324, 'Marchelle', 'Message', '21-10-1994', 'New York', '(212) 3440704', 'mmessage1b@independent.co.uk', 'mmessage1b', 'ljWTusL');
insert into usuarios (id, cedula, nombre, apellido, fecha_nacimiento, direccion, telefono, email, usuario, clave) values (49, 5345659, 'Wileen', 'Witheridge', '18-05-2002', 'West Virginia', '(304) 6248646', 'wwitheridge1c@shareasale.com', 'wwitheridge1c', 'AvjBht');
insert into usuarios (id, cedula, nombre, apellido, fecha_nacimiento, direccion, telefono, email, usuario, clave) values (50, 8266254, 'Lorne', 'Chiese', '01-12-1999', 'New York', '(585) 8798931', 'lchiese1d@chicagotribune.com', 'lchiese1d', 'oZqnL6t1f4ZM');
insert into usuarios (id, cedula, nombre, apellido, fecha_nacimiento, direccion, telefono, email, usuario, clave) values (51, 8965873, 'Myrle', 'Skipton', '05-04-1995', 'Indiana', '(765) 2978059', 'mskipton1e@rakuten.co.jp', 'mskipton1e', 'f2ykY5Em');
insert into usuarios (id, cedula, nombre, apellido, fecha_nacimiento, direccion, telefono, email, usuario, clave) values (52, 9131117, 'Farly', 'Winsor', '21-04-2004', 'Texas', '(915) 2237770', 'fwinsor1f@t-online.de', 'fwinsor1f', 'pDKjvg');
insert into usuarios (id, cedula, nombre, apellido, fecha_nacimiento, direccion, telefono, email, usuario, clave) values (53, 9387220, 'Giuditta', 'Seywood', '26-09-2007', 'New Mexico', '(505) 6885782', 'gseywood1g@amazonaws.com', 'gseywood1g', 'muEnc4KGX');
insert into usuarios (id, cedula, nombre, apellido, fecha_nacimiento, direccion, telefono, email, usuario, clave) values (54, 7698587, 'Park', 'Whorall', '15-08-2018', 'Indiana', '(812) 6194536', 'pwhorall1h@nba.com', 'pwhorall1h', 'J3ZGffeh');
insert into usuarios (id, cedula, nombre, apellido, fecha_nacimiento, direccion, telefono, email, usuario, clave) values (55, 8109716, 'Hamnet', 'Ledwith', '20-04-1991', 'Illinois', '(847) 7033553', 'hledwith1i@telegraph.co.uk', 'hledwith1i', 'kD3cSCu');
insert into usuarios (id, cedula, nombre, apellido, fecha_nacimiento, direccion, telefono, email, usuario, clave) values (56, 9017573, 'Sebastian', 'Morphet', '06-09-1997', 'District of Columbia', '(202) 6252159', 'smorphet1j@independent.co.uk', 'smorphet1j', 'T8KJ4xdhh5');
insert into usuarios (id, cedula, nombre, apellido, fecha_nacimiento, direccion, telefono, email, usuario, clave) values (57, 6600050, 'Killie', 'Yakobovicz', '20-04-2012', 'Texas', '(361) 8693439', 'kyakobovicz1k@topsy.com', 'kyakobovicz1k', 'HEE9ttpaZ');
insert into usuarios (id, cedula, nombre, apellido, fecha_nacimiento, direccion, telefono, email, usuario, clave) values (58, 7547623, 'Goddart', 'Anstiss', '28-08-2006', 'Illinois', '(309) 2079546', 'ganstiss1l@washingtonpost.com', 'ganstiss1l', 'kz9h5001UXGL');
insert into usuarios (id, cedula, nombre, apellido, fecha_nacimiento, direccion, telefono, email, usuario, clave) values (59, 5343450, 'Iormina', 'Greetland', '07-06-2000', 'Indiana', '(317) 9265005', 'igreetland1m@about.com', 'igreetland1m', 'E0734HnSHM5');
insert into usuarios (id, cedula, nombre, apellido, fecha_nacimiento, direccion, telefono, email, usuario, clave) values (60, 9863541, 'Rudolph', 'Deverille', '10-08-2007', 'Florida', '(305) 1531015', 'rdeverille1n@nationalgeographic.com', 'rdeverille1n', '7g2PTE');
insert into usuarios (id, cedula, nombre, apellido, fecha_nacimiento, direccion, telefono, email, usuario, clave) values (61, 5984887, 'Berne', 'Sherer', '10-11-2013', 'Tennessee', '(901) 9376532', 'bsherer1o@hp.com', 'bsherer1o', 'NH5UOw');
insert into usuarios (id, cedula, nombre, apellido, fecha_nacimiento, direccion, telefono, email, usuario, clave) values (62, 8588944, 'Briney', 'O''Hallihane', '22-12-2006', 'Kentucky', '(606) 1851841', 'bohallihane1p@biblegateway.com', 'bohallihane1p', 'ZfqXOf');
insert into usuarios (id, cedula, nombre, apellido, fecha_nacimiento, direccion, telefono, email, usuario, clave) values (63, 5527383, 'Daryn', 'Lindro', '28-04-1997', 'Maine', '(207) 3417920', 'dlindro1q@mail.ru', 'dlindro1q', 'FwjYXssEKZA');
insert into usuarios (id, cedula, nombre, apellido, fecha_nacimiento, direccion, telefono, email, usuario, clave) values (64, 5463735, 'Corry', 'Chadwen', '11-05-2018', 'Virginia', '(571) 5673680', 'cchadwen1r@wufoo.com', 'cchadwen1r', 'QbvVvvn6hmj');
insert into usuarios (id, cedula, nombre, apellido, fecha_nacimiento, direccion, telefono, email, usuario, clave) values (65, 6338924, 'Carce', 'Gude', '19-05-2005', 'Georgia', '(770) 5957477', 'cgude1s@intel.com', 'cgude1s', 'Xron4Mj');
insert into usuarios (id, cedula, nombre, apellido, fecha_nacimiento, direccion, telefono, email, usuario, clave) values (66, 9760197, 'Desmond', 'McClounan', '14-02-2018', 'California', '(415) 7533019', 'dmcclounan1t@opera.com', 'dmcclounan1t', 'vrkTgeLhuWP');
insert into usuarios (id, cedula, nombre, apellido, fecha_nacimiento, direccion, telefono, email, usuario, clave) values (67, 7842685, 'Gerianna', 'Willarton', '23-10-2017', 'California', '(310) 9122444', 'gwillarton1u@abc.net.au', 'gwillarton1u', 'akDabasOo9C');
insert into usuarios (id, cedula, nombre, apellido, fecha_nacimiento, direccion, telefono, email, usuario, clave) values (68, 7159290, 'Madelene', 'Oram', '07-11-1992', 'California', '(415) 3560875', 'moram1v@craigslist.org', 'moram1v', 'YeSCtcz');
insert into usuarios (id, cedula, nombre, apellido, fecha_nacimiento, direccion, telefono, email, usuario, clave) values (69, 8724738, 'Killie', 'McCurt', '11-02-2009', 'West Virginia', '(304) 9120676', 'kmccurt1w@vinaora.com', 'kmccurt1w', 'sCUsPuBcSnm');
insert into usuarios (id, cedula, nombre, apellido, fecha_nacimiento, direccion, telefono, email, usuario, clave) values (70, 7367699, 'Garreth', 'Nethercott', '05-03-2022', 'Minnesota', '(612) 1899198', 'gnethercott1x@gov.uk', 'gnethercott1x', 'yXyHGdB');
insert into usuarios (id, cedula, nombre, apellido, fecha_nacimiento, direccion, telefono, email, usuario, clave) values (71, 6959021, 'Meade', 'Tatteshall', '27-10-2019', 'Florida', '(561) 9674883', 'mtatteshall1y@angelfire.com', 'mtatteshall1y', 'rwaGK2');
insert into usuarios (id, cedula, nombre, apellido, fecha_nacimiento, direccion, telefono, email, usuario, clave) values (72, 9289398, 'Tuesday', 'Tuckwood', '31-10-1991', 'Texas', '(830) 6926209', 'ttuckwood1z@arstechnica.com', 'ttuckwood1z', 'e7ezpj');
insert into usuarios (id, cedula, nombre, apellido, fecha_nacimiento, direccion, telefono, email, usuario, clave) values (73, 6152723, 'Chrissie', 'Edgell', '03-07-2018', 'California', '(408) 5440892', 'cedgell20@google.es', 'cedgell20', 'BrxJMsghRpt');
insert into usuarios (id, cedula, nombre, apellido, fecha_nacimiento, direccion, telefono, email, usuario, clave) values (74, 9790534, 'Leese', 'Turfes', '18-02-1998', 'Arizona', '(520) 5180010', 'lturfes21@nbcnews.com', 'lturfes21', 'eYlWxKmq');
insert into usuarios (id, cedula, nombre, apellido, fecha_nacimiento, direccion, telefono, email, usuario, clave) values (75, 6213282, 'Marybeth', 'Footer', '27-08-2021', 'California', '(510) 1600741', 'mfooter22@oakley.com', 'mfooter22', 'Gr5yffw6n3w');
insert into usuarios (id, cedula, nombre, apellido, fecha_nacimiento, direccion, telefono, email, usuario, clave) values (76, 5780298, 'Berti', 'Truse', '06-06-2011', 'Delaware', '(302) 3430408', 'btruse23@e-recht24.de', 'btruse23', '0FomkPk');
insert into usuarios (id, cedula, nombre, apellido, fecha_nacimiento, direccion, telefono, email, usuario, clave) values (77, 9645451, 'Moll', 'Hurkett', '11-05-2005', 'Washington', '(253) 5660856', 'mhurkett24@ebay.com', 'mhurkett24', 'gmyDDwo');
insert into usuarios (id, cedula, nombre, apellido, fecha_nacimiento, direccion, telefono, email, usuario, clave) values (78, 8712078, 'Tami', 'McKilroe', '15-09-1990', 'Louisiana', '(225) 4808430', 'tmckilroe25@walmart.com', 'tmckilroe25', 't4dl7gQ');
insert into usuarios (id, cedula, nombre, apellido, fecha_nacimiento, direccion, telefono, email, usuario, clave) values (79, 8581582, 'Olympe', 'Dearle-Palser', '27-06-2009', 'California', '(916) 4247626', 'odearlepalser26@vinaora.com', 'odearlepalser26', '9RsSZVEprM');
insert into usuarios (id, cedula, nombre, apellido, fecha_nacimiento, direccion, telefono, email, usuario, clave) values (80, 6950435, 'Ber', 'Kinnerley', '15-07-1990', 'California', '(415) 7235647', 'bkinnerley27@state.tx.us', 'bkinnerley27', 'VWZPKLlHfPn');
insert into usuarios (id, cedula, nombre, apellido, fecha_nacimiento, direccion, telefono, email, usuario, clave) values (81, 6928282, 'Constantine', 'Younge', '11-07-1991', 'Texas', '(214) 4896000', 'cyounge28@zdnet.com', 'cyounge28', '1bL1S8U');
insert into usuarios (id, cedula, nombre, apellido, fecha_nacimiento, direccion, telefono, email, usuario, clave) values (82, 6080459, 'Myrtle', 'Bootherstone', '19-01-1998', 'Illinois', '(217) 6435286', 'mbootherstone29@webeden.co.uk', 'mbootherstone29', 'jC7Hz43RnTs');
insert into usuarios (id, cedula, nombre, apellido, fecha_nacimiento, direccion, telefono, email, usuario, clave) values (83, 5094672, 'Essie', 'Westmerland', '30-08-2010', 'Georgia', '(706) 2929245', 'ewestmerland2a@1und1.de', 'ewestmerland2a', 'UpRuEHre');
insert into usuarios (id, cedula, nombre, apellido, fecha_nacimiento, direccion, telefono, email, usuario, clave) values (84, 6440674, 'Shelly', 'Gasgarth', '22-07-2002', 'New York', '(716) 8513939', 'sgasgarth2b@earthlink.net', 'sgasgarth2b', 'GuIL856');
insert into usuarios (id, cedula, nombre, apellido, fecha_nacimiento, direccion, telefono, email, usuario, clave) values (85, 9262920, 'Osgood', 'Lease', '10-11-1999', 'Nevada', '(702) 3119550', 'olease2c@ustream.tv', 'olease2c', 'ReM1lOQey');
insert into usuarios (id, cedula, nombre, apellido, fecha_nacimiento, direccion, telefono, email, usuario, clave) values (86, 6704807, 'Sheree', 'Kleinber', '15-05-2006', 'South Carolina', '(803) 7762946', 'skleinber2d@alexa.com', 'skleinber2d', 'L3mdzgbtL');
insert into usuarios (id, cedula, nombre, apellido, fecha_nacimiento, direccion, telefono, email, usuario, clave) values (87, 7504107, 'Herold', 'Brood', '01-03-2017', 'Texas', '(713) 7796933', 'hbrood2e@foxnews.com', 'hbrood2e', 'OnavCmAU');
insert into usuarios (id, cedula, nombre, apellido, fecha_nacimiento, direccion, telefono, email, usuario, clave) values (88, 7668831, 'Truda', 'Tolomio', '08-05-2009', 'New Mexico', '(505) 5984591', 'ttolomio2f@usgs.gov', 'ttolomio2f', 'wy4iDo');
insert into usuarios (id, cedula, nombre, apellido, fecha_nacimiento, direccion, telefono, email, usuario, clave) values (89, 7050647, 'Petunia', 'Seckom', '22-01-2007', 'Missouri', '(314) 4877248', 'pseckom2g@meetup.com', 'pseckom2g', 'BDCe0i');
insert into usuarios (id, cedula, nombre, apellido, fecha_nacimiento, direccion, telefono, email, usuario, clave) values (90, 5405917, 'Verene', 'Strode', '04-09-2009', 'Florida', '(352) 9152218', 'vstrode2h@youtu.be', 'vstrode2h', 'ssaY1zy4');
insert into usuarios (id, cedula, nombre, apellido, fecha_nacimiento, direccion, telefono, email, usuario, clave) values (91, 9763789, 'Iorgos', 'Okey', '13-07-2019', 'Alabama', '(256) 9288201', 'iokey2i@fc2.com', 'iokey2i', 'M6xH8d4RY');
insert into usuarios (id, cedula, nombre, apellido, fecha_nacimiento, direccion, telefono, email, usuario, clave) values (92, 9005092, 'Farand', 'Yousef', '01-11-1999', 'Wisconsin', '(608) 7998719', 'fyousef2j@narod.ru', 'fyousef2j', 'dSeoO61');
insert into usuarios (id, cedula, nombre, apellido, fecha_nacimiento, direccion, telefono, email, usuario, clave) values (93, 9031588, 'Tremaine', 'Ragborne', '06-08-1991', 'Kansas', '(913) 7823899', 'tragborne2k@ocn.ne.jp', 'tragborne2k', 'VLFI2wM');
insert into usuarios (id, cedula, nombre, apellido, fecha_nacimiento, direccion, telefono, email, usuario, clave) values (94, 9188813, 'Moreen', 'MacManus', '02-03-2009', 'Missouri', '(314) 6051617', 'mmacmanus2l@deviantart.com', 'mmacmanus2l', 'EoxYCS3Fkr75');
insert into usuarios (id, cedula, nombre, apellido, fecha_nacimiento, direccion, telefono, email, usuario, clave) values (95, 6726983, 'Armstrong', 'Briiginshaw', '13-12-2009', 'California', '(626) 6818387', 'abriiginshaw2m@who.int', 'abriiginshaw2m', 'F4YtTlc');
insert into usuarios (id, cedula, nombre, apellido, fecha_nacimiento, direccion, telefono, email, usuario, clave) values (96, 7567729, 'Casper', 'Snozzwell', '06-04-2012', 'Indiana', '(812) 9561519', 'csnozzwell2n@answers.com', 'csnozzwell2n', 'jtbY79Ex');
insert into usuarios (id, cedula, nombre, apellido, fecha_nacimiento, direccion, telefono, email, usuario, clave) values (97, 9203926, 'Genevieve', 'Benadette', '13-07-1997', 'North Carolina', '(704) 2396471', 'gbenadette2o@pagesperso-orange.fr', 'gbenadette2o', 'NLFxsUtNbJzW');
insert into usuarios (id, cedula, nombre, apellido, fecha_nacimiento, direccion, telefono, email, usuario, clave) values (98, 9391557, 'Guinna', 'Plumer', '27-11-2011', 'Maryland', '(240) 8668029', 'gplumer2p@behance.net', 'gplumer2p', 'g6mObF9Y');
insert into usuarios (id, cedula, nombre, apellido, fecha_nacimiento, direccion, telefono, email, usuario, clave) values (99, 9291815, 'Yul', 'Clawson', '07-07-1992', 'Pennsylvania', '(412) 2723694', 'yclawson2q@bloomberg.com', 'yclawson2q', '1gKO0g9Bal');
insert into usuarios (id, cedula, nombre, apellido, fecha_nacimiento, direccion, telefono, email, usuario, clave) values (100, 6607719, 'Stefa', 'Willoughley', '08-05-2001', 'California', '(818) 7577164', 'swilloughley2r@artisteer.com', 'swilloughley2r', 'cLN25xx4m');

insert into doctores (id, mpps, fecha_ingreso, fecha_graduacion, especializacion, usuario_id) values (1, 35971, '10/02/2015', '02/02/2010', 'Dasypus novemcinctus', 1);
insert into doctores (id, mpps, fecha_ingreso, fecha_graduacion, especializacion, usuario_id) values (2, 8732, '03/02/2015', '03/02/2010', 'Kobus vardonii vardoni', 2);
insert into doctores (id, mpps, fecha_ingreso, fecha_graduacion, especializacion, usuario_id) values (3, 113585, '08/02/2015', '05/02/2010', 'Junonia genoveua', 3);
insert into doctores (id, mpps, fecha_ingreso, fecha_graduacion, especializacion, usuario_id) values (4, 8288, '05/02/2015', '08/02/2010', 'Nesomimus trifasciatus', 4);
insert into doctores (id, mpps, fecha_ingreso, fecha_graduacion, especializacion, usuario_id) values (5, 45753, '02/02/2015', '04/02/2010', 'Phasianus colchicus', 5);
insert into doctores (id, mpps, fecha_ingreso, fecha_graduacion, especializacion, usuario_id) values (6, 98808, '06/02/2015', '09/02/2010', 'Alopochen aegyptiacus', 6);
insert into doctores (id, mpps, fecha_ingreso, fecha_graduacion, especializacion, usuario_id) values (7, 78888, '09/02/2015', '04/02/2010', 'Rhabdomys pumilio', 7);

insert into secretarias (id, salario, usuario_id, fecha_ingreso, fecha_retiro) values (8, 618.43, 8, '18/03/2016', null);
insert into secretarias (id, salario, usuario_id, fecha_ingreso, fecha_retiro) values (9, 649.3, 9, '09/05/2015', '30/09/2018');
insert into secretarias (id, salario, usuario_id, fecha_ingreso, fecha_retiro) values (10, 551.26, 10, '21/02/2016', '01/05/2017');
insert into secretarias (id, salario, usuario_id, fecha_ingreso, fecha_retiro) values (11, 653.89, 11, '16/02/2017', null);
insert into secretarias (id, salario, usuario_id, fecha_ingreso, fecha_retiro) values (12, 567.76, 12, '13/06/2017', null);
insert into secretarias (id, salario, usuario_id, fecha_ingreso, fecha_retiro) values (13, 680.2, 13, '07/09/2018', null);

insert into administrativos (id, funcion, fecha_ingreso, fecha_retiro, salario, usuario_id) values (14, 'Estimator', '10-02-2017', null, 691.86, 14);
insert into administrativos (id, funcion, fecha_ingreso, fecha_retiro, salario, usuario_id) values (15, 'Construction Manager', '01-04-2017', null, 780.65, 15);
insert into administrativos (id, funcion, fecha_ingreso, fecha_retiro, salario, usuario_id) values (16, 'Project Manager', '23-08-2017', null, 724.63, 16);
insert into administrativos (id, funcion, fecha_ingreso, fecha_retiro, salario, usuario_id) values (17, 'Construction Foreman', '16-08-2016', '09-05-2017', 771.58, 17);
insert into administrativos (id, funcion, fecha_ingreso, fecha_retiro, salario, usuario_id) values (18, 'Architect', '17-10-2017', null, 748.73, 18);
insert into administrativos (id, funcion, fecha_ingreso, fecha_retiro, salario, usuario_id) values (19, 'Electrician', '04-10-2016', null, 668.82, 19);
insert into administrativos (id, funcion, fecha_ingreso, fecha_retiro, salario, usuario_id) values (20, 'Construction Foreman', '15-05-2016', null, 647.61, 20);


insert into pacientes (id, activo, usuario_id) values (21, false, 21);
insert into pacientes (id, activo, usuario_id) values (22, false, 22);
insert into pacientes (id, activo, usuario_id) values (23, true, 23);
insert into pacientes (id, activo, usuario_id) values (24, false, 24);
insert into pacientes (id, activo, usuario_id) values (25, true, 25);
insert into pacientes (id, activo, usuario_id) values (26, false, 26);
insert into pacientes (id, activo, usuario_id) values (27, false, 27);
insert into pacientes (id, activo, usuario_id) values (28, false, 28);
insert into pacientes (id, activo, usuario_id) values (29, false, 29);
insert into pacientes (id, activo, usuario_id) values (30, true, 30);
insert into pacientes (id, activo, usuario_id) values (31, false, 31);
insert into pacientes (id, activo, usuario_id) values (32, false, 32);
insert into pacientes (id, activo, usuario_id) values (33, false, 33);
insert into pacientes (id, activo, usuario_id) values (34, false, 34);
insert into pacientes (id, activo, usuario_id) values (35, false, 35);
insert into pacientes (id, activo, usuario_id) values (36, true, 36);
insert into pacientes (id, activo, usuario_id) values (37, true, 37);
insert into pacientes (id, activo, usuario_id) values (38, false, 38);
insert into pacientes (id, activo, usuario_id) values (39, true, 39);
insert into pacientes (id, activo, usuario_id) values (40, true, 40);
insert into pacientes (id, activo, usuario_id) values (41, false, 41);
insert into pacientes (id, activo, usuario_id) values (42, false, 42);
insert into pacientes (id, activo, usuario_id) values (43, true, 43);
insert into pacientes (id, activo, usuario_id) values (44, false, 44);
insert into pacientes (id, activo, usuario_id) values (45, true, 45);
insert into pacientes (id, activo, usuario_id) values (46, true, 46);
insert into pacientes (id, activo, usuario_id) values (47, false, 47);
insert into pacientes (id, activo, usuario_id) values (48, true, 48);
insert into pacientes (id, activo, usuario_id) values (49, false, 49);
insert into pacientes (id, activo, usuario_id) values (50, true, 50);
insert into pacientes (id, activo, usuario_id) values (51, true, 51);
insert into pacientes (id, activo, usuario_id) values (52, true, 52);
insert into pacientes (id, activo, usuario_id) values (53, false, 53);
insert into pacientes (id, activo, usuario_id) values (54, true, 54);
insert into pacientes (id, activo, usuario_id) values (55, true, 55);
insert into pacientes (id, activo, usuario_id) values (56, false, 56);
insert into pacientes (id, activo, usuario_id) values (57, true, 57);
insert into pacientes (id, activo, usuario_id) values (58, true, 58);
insert into pacientes (id, activo, usuario_id) values (59, false, 59);
insert into pacientes (id, activo, usuario_id) values (60, true, 60);
insert into pacientes (id, activo, usuario_id) values (61, false, 61);
insert into pacientes (id, activo, usuario_id) values (62, true, 62);
insert into pacientes (id, activo, usuario_id) values (63, false, 63);
insert into pacientes (id, activo, usuario_id) values (64, false, 64);
insert into pacientes (id, activo, usuario_id) values (65, false, 65);
insert into pacientes (id, activo, usuario_id) values (66, false, 66);
insert into pacientes (id, activo, usuario_id) values (67, false, 67);
insert into pacientes (id, activo, usuario_id) values (68, false, 68);
insert into pacientes (id, activo, usuario_id) values (69, false, 69);
insert into pacientes (id, activo, usuario_id) values (70, false, 70);
insert into pacientes (id, activo, usuario_id) values (71, true, 71);
insert into pacientes (id, activo, usuario_id) values (72, true, 72);
insert into pacientes (id, activo, usuario_id) values (73, true, 73);
insert into pacientes (id, activo, usuario_id) values (74, false, 74);
insert into pacientes (id, activo, usuario_id) values (75, false, 75);
insert into pacientes (id, activo, usuario_id) values (76, true, 76);
insert into pacientes (id, activo, usuario_id) values (77, true, 77);
insert into pacientes (id, activo, usuario_id) values (78, true, 78);
insert into pacientes (id, activo, usuario_id) values (79, true, 79);
insert into pacientes (id, activo, usuario_id) values (80, false, 80);
insert into pacientes (id, activo, usuario_id) values (81, false, 81);
insert into pacientes (id, activo, usuario_id) values (82, true, 82);
insert into pacientes (id, activo, usuario_id) values (83, true, 83);
insert into pacientes (id, activo, usuario_id) values (84, true, 84);
insert into pacientes (id, activo, usuario_id) values (85, true, 85);
insert into pacientes (id, activo, usuario_id) values (86, true, 86);
insert into pacientes (id, activo, usuario_id) values (87, false, 87);
insert into pacientes (id, activo, usuario_id) values (88, true, 88);
insert into pacientes (id, activo, usuario_id) values (89, true, 89);
insert into pacientes (id, activo, usuario_id) values (90, false, 90);
insert into pacientes (id, activo, usuario_id) values (91, false, 91);
insert into pacientes (id, activo, usuario_id) values (92, false, 92);
insert into pacientes (id, activo, usuario_id) values (93, false, 93);
insert into pacientes (id, activo, usuario_id) values (94, false, 94);
insert into pacientes (id, activo, usuario_id) values (95, false, 95);
insert into pacientes (id, activo, usuario_id) values (96, false, 96);
insert into pacientes (id, activo, usuario_id) values (97, true, 97);
insert into pacientes (id, activo, usuario_id) values (98, true, 98);
insert into pacientes (id, activo, usuario_id) values (99, false, 99);
insert into pacientes (id, activo, usuario_id) values (100, true, 100);

insert into consultas (id, fecha_inicial, fecha_actual, costo, proxima_consulta, doctor_id, paciente_id) values (1, '12-08-2016', '10-02-2021', 611.96, null, 4, 59);
insert into consultas (id, fecha_inicial, fecha_actual, costo, proxima_consulta, doctor_id, paciente_id) values (2, '05-01-2017', '10-02-2019', 652.58, '16-04-2021', 6, 87);
insert into consultas (id, fecha_inicial, fecha_actual, costo, proxima_consulta, doctor_id, paciente_id) values (3, '30-07-2016', '24-07-2021', 496.55, null, 5, 84);
insert into consultas (id, fecha_inicial, fecha_actual, costo, proxima_consulta, doctor_id, paciente_id) values (4, '13-04-2016', '17-11-2018', 567.29, null, 3, 70);
insert into consultas (id, fecha_inicial, fecha_actual, costo, proxima_consulta, doctor_id, paciente_id) values (5, '08-05-2016', '30-07-2028', 695.75, null, 2, 53);
insert into consultas (id, fecha_inicial, fecha_actual, costo, proxima_consulta, doctor_id, paciente_id) values (6, '01-10-2016', '05-06-2022', 523.29, '09-07-2021', 4, 95);
insert into consultas (id, fecha_inicial, fecha_actual, costo, proxima_consulta, doctor_id, paciente_id) values (7, '04-02-2016', '06-06-2025', 572.93, null, 4, 54);
insert into consultas (id, fecha_inicial, fecha_actual, costo, proxima_consulta, doctor_id, paciente_id) values (8, '17-07-2016', '11-01-2029', 432.06, null, 2, 70);
insert into consultas (id, fecha_inicial, fecha_actual, costo, proxima_consulta, doctor_id, paciente_id) values (9, '15-07-2016', '26-07-2020', 596.48, null, 4, 70);
insert into consultas (id, fecha_inicial, fecha_actual, costo, proxima_consulta, doctor_id, paciente_id) values (10, '09-12-2016', '02-08-2022', 480.79, '28-02-2021', 4, 84);
insert into consultas (id, fecha_inicial, fecha_actual, costo, proxima_consulta, doctor_id, paciente_id) values (11, '11-08-2016', '15-04-2025', 670.96, null, 4, 88);
insert into consultas (id, fecha_inicial, fecha_actual, costo, proxima_consulta, doctor_id, paciente_id) values (12, '08-08-2016', '27-02-2020', 528.89, null, 4, 78);
insert into consultas (id, fecha_inicial, fecha_actual, costo, proxima_consulta, doctor_id, paciente_id) values (13, '09-06-2016', '08-10-2028', 519.62, null, 2, 37);
insert into consultas (id, fecha_inicial, fecha_actual, costo, proxima_consulta, doctor_id, paciente_id) values (14, '24-06-2016', '25-08-2027', 460.96, '30-07-2019', 2, 59);
insert into consultas (id, fecha_inicial, fecha_actual, costo, proxima_consulta, doctor_id, paciente_id) values (15, '15-01-2017', '12-05-2021', 494.24, null, 3, 75);
insert into consultas (id, fecha_inicial, fecha_actual, costo, proxima_consulta, doctor_id, paciente_id) values (16, '22-07-2016', '30-03-2018', 574.36, null, 1, 34);
insert into consultas (id, fecha_inicial, fecha_actual, costo, proxima_consulta, doctor_id, paciente_id) values (17, '18-12-2016', '08-06-2021', 453.75, null, 6, 97);
insert into consultas (id, fecha_inicial, fecha_actual, costo, proxima_consulta, doctor_id, paciente_id) values (18, '18-08-2016', '03-03-2018', 695.74, '08-05-2022', 3, 56);
insert into consultas (id, fecha_inicial, fecha_actual, costo, proxima_consulta, doctor_id, paciente_id) values (19, '15-05-2016', '23-07-2026', 443.2, null, 4, 68);
insert into consultas (id, fecha_inicial, fecha_actual, costo, proxima_consulta, doctor_id, paciente_id) values (20, '18-01-2017', '16-09-2021', 532.54, null, 6, 45);
insert into consultas (id, fecha_inicial, fecha_actual, costo, proxima_consulta, doctor_id, paciente_id) values (21, '24-06-2016', '28-06-2021', 614.85, null, 1, 74);
insert into consultas (id, fecha_inicial, fecha_actual, costo, proxima_consulta, doctor_id, paciente_id) values (22, '06-04-2016', '19-01-2025', 406.8, '15-10-2020', 6, 76);
insert into consultas (id, fecha_inicial, fecha_actual, costo, proxima_consulta, doctor_id, paciente_id) values (23, '09-08-2016', '07-12-2027', 594.7, null, 3, 55);
insert into consultas (id, fecha_inicial, fecha_actual, costo, proxima_consulta, doctor_id, paciente_id) values (24, '03-04-2016', '03-04-2019', 625.37, '26-11-2019', 3, 30);
insert into consultas (id, fecha_inicial, fecha_actual, costo, proxima_consulta, doctor_id, paciente_id) values (25, '29-08-2016', '09-07-2023', 426.24, null, 7, 86);
insert into consultas (id, fecha_inicial, fecha_actual, costo, proxima_consulta, doctor_id, paciente_id) values (26, '07-09-2016', '08-01-2022', 673.09, null, 4, 98);
insert into consultas (id, fecha_inicial, fecha_actual, costo, proxima_consulta, doctor_id, paciente_id) values (27, '03-10-2016', '25-01-2024', 433.49, '12-11-2019', 1, 67);
insert into consultas (id, fecha_inicial, fecha_actual, costo, proxima_consulta, doctor_id, paciente_id) values (28, '29-09-2016', '18-12-2024', 622.46, null, 6, 36);
insert into consultas (id, fecha_inicial, fecha_actual, costo, proxima_consulta, doctor_id, paciente_id) values (29, '31-05-2016', '12-02-2024', 660.84, null, 6, 77);
insert into consultas (id, fecha_inicial, fecha_actual, costo, proxima_consulta, doctor_id, paciente_id) values (30, '27-02-2016', '07-12-2025', 620.14, null, 2, 58);
insert into consultas (id, fecha_inicial, fecha_actual, costo, proxima_consulta, doctor_id, paciente_id) values (31, '08-05-2016', '05-05-2024', 452.32, null, 1, 25);
insert into consultas (id, fecha_inicial, fecha_actual, costo, proxima_consulta, doctor_id, paciente_id) values (32, '11-03-2016', '12-12-2020', 666.39, '15-05-2021', 6, 36);
insert into consultas (id, fecha_inicial, fecha_actual, costo, proxima_consulta, doctor_id, paciente_id) values (33, '24-04-2016', '05-02-2020', 604.74, null, 6, 55);
insert into consultas (id, fecha_inicial, fecha_actual, costo, proxima_consulta, doctor_id, paciente_id) values (34, '22-05-2016', '14-04-2019', 540.48, '23-07-2021', 2, 76);
insert into consultas (id, fecha_inicial, fecha_actual, costo, proxima_consulta, doctor_id, paciente_id) values (35, '10-01-2017', '25-06-2026', 540.19, null, 5, 88);
insert into consultas (id, fecha_inicial, fecha_actual, costo, proxima_consulta, doctor_id, paciente_id) values (36, '24-11-2016', '26-07-2018', 462.67, null, 3, 68);
insert into consultas (id, fecha_inicial, fecha_actual, costo, proxima_consulta, doctor_id, paciente_id) values (37, '01-06-2016', '17-04-2027', 529.92, '20-08-2021', 7, 25);
insert into consultas (id, fecha_inicial, fecha_actual, costo, proxima_consulta, doctor_id, paciente_id) values (38, '31-08-2016', '18-06-2017', 496.62, null, 7, 91);
insert into consultas (id, fecha_inicial, fecha_actual, costo, proxima_consulta, doctor_id, paciente_id) values (39, '26-12-2016', '24-02-2027', 513.15, '25-06-2022', 3, 72);
insert into consultas (id, fecha_inicial, fecha_actual, costo, proxima_consulta, doctor_id, paciente_id) values (40, '10-02-2016', '24-12-2024', 657.58, null, 4, 42);
insert into consultas (id, fecha_inicial, fecha_actual, costo, proxima_consulta, doctor_id, paciente_id) values (41, '23-01-2017', '07-08-2028', 544.08, null, 2, 69);
insert into consultas (id, fecha_inicial, fecha_actual, costo, proxima_consulta, doctor_id, paciente_id) values (42, '13-06-2016', '28-04-2025', 601.63, '04-08-2022', 4, 29);
insert into consultas (id, fecha_inicial, fecha_actual, costo, proxima_consulta, doctor_id, paciente_id) values (43, '01-03-2016', '30-01-2019', 494.73, '21-11-2022', 6, 25);
insert into consultas (id, fecha_inicial, fecha_actual, costo, proxima_consulta, doctor_id, paciente_id) values (44, '25-10-2016', '04-04-2025', 548.9, '12-04-2021', 2, 29);
insert into consultas (id, fecha_inicial, fecha_actual, costo, proxima_consulta, doctor_id, paciente_id) values (45, '04-08-2016', '21-02-2023', 408.67, null, 5, 69);
insert into consultas (id, fecha_inicial, fecha_actual, costo, proxima_consulta, doctor_id, paciente_id) values (46, '09-10-2016', '25-07-2028', 522.24, null, 7, 56);
insert into consultas (id, fecha_inicial, fecha_actual, costo, proxima_consulta, doctor_id, paciente_id) values (47, '07-07-2016', '14-07-2026', 562.13, '31-07-2022', 6, 68);
insert into consultas (id, fecha_inicial, fecha_actual, costo, proxima_consulta, doctor_id, paciente_id) values (48, '07-01-2017', '01-01-2019', 555.06, null, 1, 88);
insert into consultas (id, fecha_inicial, fecha_actual, costo, proxima_consulta, doctor_id, paciente_id) values (49, '18-09-2016', '20-11-2019', 442.6, null, 3, 69);
insert into consultas (id, fecha_inicial, fecha_actual, costo, proxima_consulta, doctor_id, paciente_id) values (50, '30-12-2016', '31-03-2022', 426.78, '11-06-2019', 4, 29);
insert into consultas (id, fecha_inicial, fecha_actual, costo, proxima_consulta, doctor_id, paciente_id) values (51, '12-10-2016', '17-09-2026', 691.01, null, 2, 62);
insert into consultas (id, fecha_inicial, fecha_actual, costo, proxima_consulta, doctor_id, paciente_id) values (52, '25-09-2016', '19-04-2021', 638.4, null, 1, 84);
insert into consultas (id, fecha_inicial, fecha_actual, costo, proxima_consulta, doctor_id, paciente_id) values (53, '19-01-2017', '06-03-2028', 475.21, null, 2, 52);
insert into consultas (id, fecha_inicial, fecha_actual, costo, proxima_consulta, doctor_id, paciente_id) values (54, '01-11-2016', '15-06-2028', 685.87, '11-12-2022', 3, 69);
insert into consultas (id, fecha_inicial, fecha_actual, costo, proxima_consulta, doctor_id, paciente_id) values (55, '03-03-2016', '16-04-2023', 532.18, '28-05-2021', 3, 74);
insert into consultas (id, fecha_inicial, fecha_actual, costo, proxima_consulta, doctor_id, paciente_id) values (56, '11-01-2017', '17-01-2029', 524.14, '23-06-2021', 5, 48);
insert into consultas (id, fecha_inicial, fecha_actual, costo, proxima_consulta, doctor_id, paciente_id) values (57, '20-12-2016', '13-06-2017', 565.2, null, 7, 94);
insert into consultas (id, fecha_inicial, fecha_actual, costo, proxima_consulta, doctor_id, paciente_id) values (58, '15-06-2016', '02-03-2028', 403.39, '11-09-2020', 7, 43);
insert into consultas (id, fecha_inicial, fecha_actual, costo, proxima_consulta, doctor_id, paciente_id) values (59, '01-06-2016', '08-11-2019', 406.42, '01-04-2020', 3, 76);
insert into consultas (id, fecha_inicial, fecha_actual, costo, proxima_consulta, doctor_id, paciente_id) values (60, '17-12-2016', '28-12-2020', 633.17, null, 1, 91);
insert into consultas (id, fecha_inicial, fecha_actual, costo, proxima_consulta, doctor_id, paciente_id) values (61, '06-11-2016', '19-08-2020', 543.13, null, 1, 94);
insert into consultas (id, fecha_inicial, fecha_actual, costo, proxima_consulta, doctor_id, paciente_id) values (62, '20-06-2016', '02-03-2028', 503.9, null, 5, 60);
insert into consultas (id, fecha_inicial, fecha_actual, costo, proxima_consulta, doctor_id, paciente_id) values (63, '08-05-2016', '08-09-2025', 676.03, '18-09-2019', 7, 32);
insert into consultas (id, fecha_inicial, fecha_actual, costo, proxima_consulta, doctor_id, paciente_id) values (64, '22-02-2016', '30-05-2024', 566.52, null, 1, 93);
insert into consultas (id, fecha_inicial, fecha_actual, costo, proxima_consulta, doctor_id, paciente_id) values (65, '30-03-2016', '27-09-2018', 638.3, null, 3, 25);
insert into consultas (id, fecha_inicial, fecha_actual, costo, proxima_consulta, doctor_id, paciente_id) values (66, '14-07-2016', '13-10-2024', 604.65, '10-11-2019', 4, 57);
insert into consultas (id, fecha_inicial, fecha_actual, costo, proxima_consulta, doctor_id, paciente_id) values (67, '02-09-2016', '01-04-2021', 667.34, null, 2, 40);
insert into consultas (id, fecha_inicial, fecha_actual, costo, proxima_consulta, doctor_id, paciente_id) values (68, '14-06-2016', '14-12-2019', 670.86, null, 3, 85);
insert into consultas (id, fecha_inicial, fecha_actual, costo, proxima_consulta, doctor_id, paciente_id) values (69, '07-09-2016', '14-10-2018', 626.89, null, 2, 32);
insert into consultas (id, fecha_inicial, fecha_actual, costo, proxima_consulta, doctor_id, paciente_id) values (70, '15-03-2016', '03-09-2025', 545.63, '28-08-2021', 4, 79);
insert into consultas (id, fecha_inicial, fecha_actual, costo, proxima_consulta, doctor_id, paciente_id) values (71, '29-03-2016', '30-12-2028', 450.56, '06-10-2022', 3, 91);
insert into consultas (id, fecha_inicial, fecha_actual, costo, proxima_consulta, doctor_id, paciente_id) values (72, '28-05-2016', '28-02-2021', 472.35, '10-03-2019', 5, 47);
insert into consultas (id, fecha_inicial, fecha_actual, costo, proxima_consulta, doctor_id, paciente_id) values (73, '17-10-2016', '31-10-2024', 638.21, null, 6, 47);
insert into consultas (id, fecha_inicial, fecha_actual, costo, proxima_consulta, doctor_id, paciente_id) values (74, '15-06-2016', '24-07-2022', 656.7, null, 1, 81);
insert into consultas (id, fecha_inicial, fecha_actual, costo, proxima_consulta, doctor_id, paciente_id) values (75, '28-06-2016', '11-09-2023', 639.9, null, 7, 100);
insert into consultas (id, fecha_inicial, fecha_actual, costo, proxima_consulta, doctor_id, paciente_id) values (76, '06-07-2016', '22-11-2025', 544.9, '30-01-2022', 1, 85);
insert into consultas (id, fecha_inicial, fecha_actual, costo, proxima_consulta, doctor_id, paciente_id) values (77, '03-07-2016', '10-02-2027', 645.29, '08-10-2022', 5, 26);
insert into consultas (id, fecha_inicial, fecha_actual, costo, proxima_consulta, doctor_id, paciente_id) values (78, '19-06-2016', '28-07-2024', 679.08, null, 5, 27);
insert into consultas (id, fecha_inicial, fecha_actual, costo, proxima_consulta, doctor_id, paciente_id) values (79, '19-09-2016', '14-08-2022', 414.19, null, 6, 66);
insert into consultas (id, fecha_inicial, fecha_actual, costo, proxima_consulta, doctor_id, paciente_id) values (80, '17-07-2016', '13-03-2026', 643.99, null, 3, 26);
insert into consultas (id, fecha_inicial, fecha_actual, costo, proxima_consulta, doctor_id, paciente_id) values (81, '30-05-2016', '27-08-2022', 438.39, null, 3, 75);
insert into consultas (id, fecha_inicial, fecha_actual, costo, proxima_consulta, doctor_id, paciente_id) values (82, '17-11-2016', '29-06-2028', 511.33, null, 3, 45);
insert into consultas (id, fecha_inicial, fecha_actual, costo, proxima_consulta, doctor_id, paciente_id) values (83, '29-04-2016', '05-10-2019', 457.56, '13-03-2021', 3, 80);
insert into consultas (id, fecha_inicial, fecha_actual, costo, proxima_consulta, doctor_id, paciente_id) values (84, '05-07-2016', '06-11-2022', 569.96, null, 1, 67);
insert into consultas (id, fecha_inicial, fecha_actual, costo, proxima_consulta, doctor_id, paciente_id) values (85, '09-07-2016', '29-01-2019', 448.65, '16-06-2019', 5, 54);
insert into consultas (id, fecha_inicial, fecha_actual, costo, proxima_consulta, doctor_id, paciente_id) values (86, '12-06-2016', '10-12-2027', 594.8, null, 2, 77);
insert into consultas (id, fecha_inicial, fecha_actual, costo, proxima_consulta, doctor_id, paciente_id) values (87, '28-08-2016', '19-06-2018', 523.74, null, 7, 33);
insert into consultas (id, fecha_inicial, fecha_actual, costo, proxima_consulta, doctor_id, paciente_id) values (88, '11-06-2016', '18-03-2017', 500.56, '30-04-2022', 7, 95);
insert into consultas (id, fecha_inicial, fecha_actual, costo, proxima_consulta, doctor_id, paciente_id) values (89, '15-03-2016', '14-11-2017', 612.1, null, 6, 21);
insert into consultas (id, fecha_inicial, fecha_actual, costo, proxima_consulta, doctor_id, paciente_id) values (90, '07-08-2016', '25-10-2022', 682.71, null, 7, 50);
insert into consultas (id, fecha_inicial, fecha_actual, costo, proxima_consulta, doctor_id, paciente_id) values (91, '07-02-2016', '23-02-2021', 593.09, null, 3, 87);
insert into consultas (id, fecha_inicial, fecha_actual, costo, proxima_consulta, doctor_id, paciente_id) values (92, '11-03-2016', '13-06-2023', 600.86, null, 4, 78);
insert into consultas (id, fecha_inicial, fecha_actual, costo, proxima_consulta, doctor_id, paciente_id) values (93, '25-01-2017', '03-11-2028', 462.51, '31-12-2019', 7, 22);
insert into consultas (id, fecha_inicial, fecha_actual, costo, proxima_consulta, doctor_id, paciente_id) values (94, '22-02-2016', '26-03-2024', 421.66, '30-07-2021', 3, 75);
insert into consultas (id, fecha_inicial, fecha_actual, costo, proxima_consulta, doctor_id, paciente_id) values (95, '15-12-2016', '26-10-2028', 619.73, '07-05-2022', 7, 79);
insert into consultas (id, fecha_inicial, fecha_actual, costo, proxima_consulta, doctor_id, paciente_id) values (96, '07-02-2016', '04-02-2025', 472.93, null, 1, 26);
insert into consultas (id, fecha_inicial, fecha_actual, costo, proxima_consulta, doctor_id, paciente_id) values (97, '21-01-2017', '16-02-2028', 573.61, '05-12-2022', 6, 66);
insert into consultas (id, fecha_inicial, fecha_actual, costo, proxima_consulta, doctor_id, paciente_id) values (98, '03-05-2016', '12-03-2026', 529.83, null, 6, 32);
insert into consultas (id, fecha_inicial, fecha_actual, costo, proxima_consulta, doctor_id, paciente_id) values (99, '16-11-2016', '06-11-2023', 477.56, null, 5, 44);
insert into consultas (id, fecha_inicial, fecha_actual, costo, proxima_consulta, doctor_id, paciente_id) values (100, '08-11-2016', '06-07-2018', 498.24, null, 2, 67);

insert into patologia_consulta (id, observacion, consulta_id, patologia_id) values (1, 'eget nunc donec quis orci eget orci vehicula condimentum curabitur in libero ut', 89, 26);
insert into patologia_consulta (id, observacion, consulta_id, patologia_id) values (2, 'semper porta volutpat quam pede lobortis ligula sit amet eleifend pede libero quis orci nullam molestie nibh', 3, 11);
insert into patologia_consulta (id, observacion, consulta_id, patologia_id) values (3, 'condimentum curabitur in libero ut massa volutpat convallis morbi odio odio elementum eu interdum eu tincidunt in', 80, 16);
insert into patologia_consulta (id, observacion, consulta_id, patologia_id) values (4, 'sollicitudin ut suscipit a feugiat et eros vestibulum ac est lacinia nisi venenatis tristique', 53, 29);
insert into patologia_consulta (id, observacion, consulta_id, patologia_id) values (5, 'praesent blandit lacinia erat vestibulum sed magna at nunc commodo placerat praesent', 12, 5);
insert into patologia_consulta (id, observacion, consulta_id, patologia_id) values (6, 'convallis nulla neque libero convallis eget eleifend luctus ultricies eu', 88, 21);
insert into patologia_consulta (id, observacion, consulta_id, patologia_id) values (7, 'quis orci eget orci vehicula condimentum curabitur in libero ut', 9, 22);
insert into patologia_consulta (id, observacion, consulta_id, patologia_id) values (8, 'id sapien in sapien iaculis congue vivamus metus arcu adipiscing', 24, 38);
insert into patologia_consulta (id, observacion, consulta_id, patologia_id) values (9, 'faucibus accumsan odio curabitur convallis duis consequat dui nec nisi volutpat eleifend donec', 94, null);
insert into patologia_consulta (id, observacion, consulta_id, patologia_id) values (10, 'vestibulum sit amet cursus id turpis integer aliquet massa id lobortis convallis tortor risus dapibus augue vel accumsan tellus nisi', 22, 5);
insert into patologia_consulta (id, observacion, consulta_id, patologia_id) values (11, 'amet erat nulla tempus vivamus in felis eu sapien cursus vestibulum proin eu mi nulla ac enim in', 53, 45);
insert into patologia_consulta (id, observacion, consulta_id, patologia_id) values (12, 'primis in faucibus orci luctus et ultrices posuere cubilia curae nulla dapibus dolor vel est donec odio', 60, 47);
insert into patologia_consulta (id, observacion, consulta_id, patologia_id) values (13, 'in tempus sit amet sem fusce consequat nulla nisl nunc nisl duis', 42, 47);
insert into patologia_consulta (id, observacion, consulta_id, patologia_id) values (14, 'pulvinar nulla pede ullamcorper augue a suscipit nulla elit ac', 21, 36);
insert into patologia_consulta (id, observacion, consulta_id, patologia_id) values (15, 'fusce lacus purus aliquet at feugiat non pretium quis lectus suspendisse potenti in eleifend quam a odio in hac habitasse', 29, 9);
insert into patologia_consulta (id, observacion, consulta_id, patologia_id) values (16, 'felis eu sapien cursus vestibulum proin eu mi nulla ac enim in tempor turpis nec euismod', 8, 19);
insert into patologia_consulta (id, observacion, consulta_id, patologia_id) values (17, 'nibh ligula nec sem duis aliquam convallis nunc proin at turpis a pede posuere nonummy', 21, null);
insert into patologia_consulta (id, observacion, consulta_id, patologia_id) values (18, 'quam a odio in hac habitasse platea dictumst maecenas ut massa quis augue', 31, 17);
insert into patologia_consulta (id, observacion, consulta_id, patologia_id) values (19, 'turpis sed ante vivamus tortor duis mattis egestas metus aenean fermentum', 94, 15);
insert into patologia_consulta (id, observacion, consulta_id, patologia_id) values (20, 'proin at turpis a pede posuere nonummy integer non velit donec diam neque vestibulum eget vulputate ut ultrices', 3, 34);
insert into patologia_consulta (id, observacion, consulta_id, patologia_id) values (21, 'massa volutpat convallis morbi odio odio elementum eu interdum eu tincidunt in leo maecenas pulvinar lobortis est phasellus sit', 89, 14);
insert into patologia_consulta (id, observacion, consulta_id, patologia_id) values (22, 'fusce lacus purus aliquet at feugiat non pretium quis lectus', 57, 41);
insert into patologia_consulta (id, observacion, consulta_id, patologia_id) values (23, 'felis fusce posuere felis sed lacus morbi sem mauris laoreet ut rhoncus aliquet pulvinar sed nisl nunc', 43, 23);
insert into patologia_consulta (id, observacion, consulta_id, patologia_id) values (24, 'rhoncus aliquet pulvinar sed nisl nunc rhoncus dui vel sem sed sagittis nam congue risus', 92, 24);
insert into patologia_consulta (id, observacion, consulta_id, patologia_id) values (25, 'vivamus in felis eu sapien cursus vestibulum proin eu mi nulla ac', 45, 1);
insert into patologia_consulta (id, observacion, consulta_id, patologia_id) values (26, 'bibendum morbi non quam nec dui luctus rutrum nulla tellus in sagittis dui', 14, 30);
insert into patologia_consulta (id, observacion, consulta_id, patologia_id) values (27, 'id nisl venenatis lacinia aenean sit amet justo morbi ut odio cras mi pede malesuada', 4, 48);
insert into patologia_consulta (id, observacion, consulta_id, patologia_id) values (28, 'maecenas leo odio condimentum id luctus nec molestie sed justo pellentesque viverra pede ac diam cras pellentesque volutpat dui', 35, 45);
insert into patologia_consulta (id, observacion, consulta_id, patologia_id) values (29, 'rutrum ac lobortis vel dapibus at diam nam tristique tortor', 33, 4);
insert into patologia_consulta (id, observacion, consulta_id, patologia_id) values (30, 'integer non velit donec diam neque vestibulum eget vulputate ut ultrices vel augue vestibulum ante ipsum', 75, 29);
insert into patologia_consulta (id, observacion, consulta_id, patologia_id) values (31, 'proin eu mi nulla ac enim in tempor turpis nec euismod scelerisque quam turpis adipiscing', 98, 2);
insert into patologia_consulta (id, observacion, consulta_id, patologia_id) values (32, 'suspendisse potenti nullam porttitor lacus at turpis donec posuere metus vitae ipsum aliquam non mauris morbi non lectus', 74, 49);
insert into patologia_consulta (id, observacion, consulta_id, patologia_id) values (33, 'viverra eget congue eget semper rutrum nulla nunc purus phasellus in felis donec semper sapien', 19, 14);
insert into patologia_consulta (id, observacion, consulta_id, patologia_id) values (34, 'iaculis diam erat fermentum justo nec condimentum neque sapien placerat ante nulla justo aliquam quis turpis eget', 26, 31);
insert into patologia_consulta (id, observacion, consulta_id, patologia_id) values (35, 'ut dolor morbi vel lectus in quam fringilla rhoncus mauris enim leo rhoncus sed vestibulum', 5, 4);
insert into patologia_consulta (id, observacion, consulta_id, patologia_id) values (36, 'ipsum primis in faucibus orci luctus et ultrices posuere cubilia curae mauris viverra diam vitae', 69, 9);
insert into patologia_consulta (id, observacion, consulta_id, patologia_id) values (37, 'orci mauris lacinia sapien quis libero nullam sit amet turpis elementum ligula vehicula consequat morbi a ipsum integer', 62, 27);
insert into patologia_consulta (id, observacion, consulta_id, patologia_id) values (38, 'ipsum integer a nibh in quis justo maecenas rhoncus aliquam lacus morbi quis tortor', 76, 8);
insert into patologia_consulta (id, observacion, consulta_id, patologia_id) values (39, 'cubilia curae duis faucibus accumsan odio curabitur convallis duis consequat dui nec nisi volutpat', 53, 16);
insert into patologia_consulta (id, observacion, consulta_id, patologia_id) values (40, 'nunc proin at turpis a pede posuere nonummy integer non velit donec diam neque vestibulum eget vulputate ut ultrices', 32, 23);
insert into patologia_consulta (id, observacion, consulta_id, patologia_id) values (41, 'tempus semper est quam pharetra magna ac consequat metus sapien', 27, 12);
insert into patologia_consulta (id, observacion, consulta_id, patologia_id) values (42, 'posuere cubilia curae mauris viverra diam vitae quam suspendisse potenti nullam porttitor', 24, 45);
insert into patologia_consulta (id, observacion, consulta_id, patologia_id) values (43, 'ante vivamus tortor duis mattis egestas metus aenean fermentum donec ut mauris eget massa tempor', 45, 1);
insert into patologia_consulta (id, observacion, consulta_id, patologia_id) values (44, 'nulla suscipit ligula in lacus curabitur at ipsum ac tellus semper interdum mauris ullamcorper purus sit amet', 14, 41);
insert into patologia_consulta (id, observacion, consulta_id, patologia_id) values (45, 'in hac habitasse platea dictumst maecenas ut massa quis augue luctus tincidunt nulla mollis molestie', 65, 31);
insert into patologia_consulta (id, observacion, consulta_id, patologia_id) values (46, 'primis in faucibus orci luctus et ultrices posuere cubilia curae duis faucibus accumsan odio curabitur convallis duis consequat dui', 84, 35);
insert into patologia_consulta (id, observacion, consulta_id, patologia_id) values (47, 'dapibus nulla suscipit ligula in lacus curabitur at ipsum ac tellus semper interdum mauris ullamcorper purus sit amet', 84, null);
insert into patologia_consulta (id, observacion, consulta_id, patologia_id) values (48, 'lacinia nisi venenatis tristique fusce congue diam id ornare imperdiet sapien', 32, 25);
insert into patologia_consulta (id, observacion, consulta_id, patologia_id) values (49, 'habitasse platea dictumst etiam faucibus cursus urna ut tellus nulla ut', 48, 22);
insert into patologia_consulta (id, observacion, consulta_id, patologia_id) values (50, 'ultrices erat tortor sollicitudin mi sit amet lobortis sapien sapien non mi integer ac neque duis bibendum morbi', 33, 18);
insert into patologia_consulta (id, observacion, consulta_id, patologia_id) values (51, 'lacinia sapien quis libero nullam sit amet turpis elementum ligula vehicula consequat morbi a ipsum integer a nibh in quis', 48, 17);
insert into patologia_consulta (id, observacion, consulta_id, patologia_id) values (52, 'in felis eu sapien cursus vestibulum proin eu mi nulla ac enim in tempor', 49, null);
insert into patologia_consulta (id, observacion, consulta_id, patologia_id) values (53, 'morbi porttitor lorem id ligula suspendisse ornare consequat lectus in est risus auctor sed tristique', 72, 33);
insert into patologia_consulta (id, observacion, consulta_id, patologia_id) values (54, 'nunc proin at turpis a pede posuere nonummy integer non velit donec diam neque vestibulum eget vulputate ut ultrices', 79, 46);
insert into patologia_consulta (id, observacion, consulta_id, patologia_id) values (55, 'vel est donec odio justo sollicitudin ut suscipit a feugiat', 3, 9);
insert into patologia_consulta (id, observacion, consulta_id, patologia_id) values (56, 'nullam varius nulla facilisi cras non velit nec nisi vulputate nonummy', 34, 4);
insert into patologia_consulta (id, observacion, consulta_id, patologia_id) values (57, 'tempus vivamus in felis eu sapien cursus vestibulum proin eu', 58, 33);
insert into patologia_consulta (id, observacion, consulta_id, patologia_id) values (58, 'eu nibh quisque id justo sit amet sapien dignissim vestibulum vestibulum ante ipsum', 42, 23);
insert into patologia_consulta (id, observacion, consulta_id, patologia_id) values (59, 'sem duis aliquam convallis nunc proin at turpis a pede posuere nonummy', 53, 4);
insert into patologia_consulta (id, observacion, consulta_id, patologia_id) values (60, 'mauris lacinia sapien quis libero nullam sit amet turpis elementum ligula vehicula consequat morbi a ipsum integer a nibh', 75, 41);
insert into patologia_consulta (id, observacion, consulta_id, patologia_id) values (61, 'cum sociis natoque penatibus et magnis dis parturient montes nascetur ridiculus mus etiam vel augue vestibulum', 79, 34);
insert into patologia_consulta (id, observacion, consulta_id, patologia_id) values (62, 'molestie hendrerit at vulputate vitae nisl aenean lectus pellentesque eget nunc donec quis orci eget orci vehicula condimentum curabitur in', 8, 30);
insert into patologia_consulta (id, observacion, consulta_id, patologia_id) values (63, 'nisi at nibh in hac habitasse platea dictumst aliquam augue quam sollicitudin vitae consectetuer eget rutrum at lorem integer tincidunt', 53, 23);
insert into patologia_consulta (id, observacion, consulta_id, patologia_id) values (64, 'amet sapien dignissim vestibulum vestibulum ante ipsum primis in faucibus orci', 65, 15);
insert into patologia_consulta (id, observacion, consulta_id, patologia_id) values (65, 'suscipit a feugiat et eros vestibulum ac est lacinia nisi venenatis tristique', 29, 2);
insert into patologia_consulta (id, observacion, consulta_id, patologia_id) values (66, 'aliquet massa id lobortis convallis tortor risus dapibus augue vel accumsan tellus nisi eu orci', 95, null);
insert into patologia_consulta (id, observacion, consulta_id, patologia_id) values (67, 'et ultrices posuere cubilia curae mauris viverra diam vitae quam suspendisse potenti nullam porttitor lacus at turpis donec posuere metus', 51, 44);
insert into patologia_consulta (id, observacion, consulta_id, patologia_id) values (68, 'orci mauris lacinia sapien quis libero nullam sit amet turpis elementum ligula vehicula consequat', 53, 33);
insert into patologia_consulta (id, observacion, consulta_id, patologia_id) values (69, 'sed nisl nunc rhoncus dui vel sem sed sagittis nam congue risus semper porta volutpat quam pede lobortis ligula sit', 39, 44);
insert into patologia_consulta (id, observacion, consulta_id, patologia_id) values (70, 'tortor id nulla ultrices aliquet maecenas leo odio condimentum id luctus', 58, 5);
insert into patologia_consulta (id, observacion, consulta_id, patologia_id) values (71, 'dui luctus rutrum nulla tellus in sagittis dui vel nisl duis ac nibh fusce lacus purus aliquet', 62, 37);
insert into patologia_consulta (id, observacion, consulta_id, patologia_id) values (72, 'est donec odio justo sollicitudin ut suscipit a feugiat et eros vestibulum ac est lacinia nisi venenatis tristique fusce congue', 6, 44);
insert into patologia_consulta (id, observacion, consulta_id, patologia_id) values (73, 'sem duis aliquam convallis nunc proin at turpis a pede posuere nonummy integer non velit donec', 93, null);
insert into patologia_consulta (id, observacion, consulta_id, patologia_id) values (74, 'parturient montes nascetur ridiculus mus etiam vel augue vestibulum rutrum rutrum neque aenean auctor gravida', 45, 26);
insert into patologia_consulta (id, observacion, consulta_id, patologia_id) values (75, 'consequat morbi a ipsum integer a nibh in quis justo maecenas rhoncus aliquam lacus morbi quis', 98, 7);
insert into patologia_consulta (id, observacion, consulta_id, patologia_id) values (76, 'turpis enim blandit mi in porttitor pede justo eu massa donec dapibus duis at velit eu est congue', 38, 10);
insert into patologia_consulta (id, observacion, consulta_id, patologia_id) values (77, 'mauris laoreet ut rhoncus aliquet pulvinar sed nisl nunc rhoncus dui vel sem sed sagittis nam congue risus semper porta', 65, 6);
insert into patologia_consulta (id, observacion, consulta_id, patologia_id) values (78, 'turpis nec euismod scelerisque quam turpis adipiscing lorem vitae mattis nibh ligula nec', 27, 6);
insert into patologia_consulta (id, observacion, consulta_id, patologia_id) values (79, 'sit amet justo morbi ut odio cras mi pede malesuada in imperdiet et commodo vulputate justo in', 48, 18);
insert into patologia_consulta (id, observacion, consulta_id, patologia_id) values (80, 'massa id lobortis convallis tortor risus dapibus augue vel accumsan tellus nisi eu orci mauris lacinia sapien quis libero nullam', 22, 18);
insert into patologia_consulta (id, observacion, consulta_id, patologia_id) values (81, 'massa id nisl venenatis lacinia aenean sit amet justo morbi ut odio', 13, 21);
insert into patologia_consulta (id, observacion, consulta_id, patologia_id) values (82, 'feugiat non pretium quis lectus suspendisse potenti in eleifend quam a', 95, 25);
insert into patologia_consulta (id, observacion, consulta_id, patologia_id) values (83, 'primis in faucibus orci luctus et ultrices posuere cubilia curae nulla dapibus dolor vel', 46, 14);
insert into patologia_consulta (id, observacion, consulta_id, patologia_id) values (84, 'condimentum id luctus nec molestie sed justo pellentesque viverra pede ac diam cras pellentesque', 65, 33);
insert into patologia_consulta (id, observacion, consulta_id, patologia_id) values (85, 'tristique fusce congue diam id ornare imperdiet sapien urna pretium nisl', 67, 2);
insert into patologia_consulta (id, observacion, consulta_id, patologia_id) values (86, 'justo sit amet sapien dignissim vestibulum vestibulum ante ipsum primis in', 99, 24);
insert into patologia_consulta (id, observacion, consulta_id, patologia_id) values (87, 'egestas metus aenean fermentum donec ut mauris eget massa tempor convallis', 58, 43);
insert into patologia_consulta (id, observacion, consulta_id, patologia_id) values (88, 'eleifend luctus ultricies eu nibh quisque id justo sit amet sapien', 44, 8);
insert into patologia_consulta (id, observacion, consulta_id, patologia_id) values (89, 'posuere cubilia curae mauris viverra diam vitae quam suspendisse potenti nullam porttitor', 89, 4);
insert into patologia_consulta (id, observacion, consulta_id, patologia_id) values (90, 'elementum nullam varius nulla facilisi cras non velit nec nisi vulputate nonummy maecenas tincidunt', 47, 22);
insert into patologia_consulta (id, observacion, consulta_id, patologia_id) values (91, 'nascetur ridiculus mus etiam vel augue vestibulum rutrum rutrum neque aenean', 19, null);
insert into patologia_consulta (id, observacion, consulta_id, patologia_id) values (92, 'arcu sed augue aliquam erat volutpat in congue etiam justo etiam pretium iaculis justo in hac habitasse', 78, 28);
insert into patologia_consulta (id, observacion, consulta_id, patologia_id) values (93, 'sit amet consectetuer adipiscing elit proin risus praesent lectus vestibulum quam sapien varius ut blandit non interdum in ante', 53, 47);
insert into patologia_consulta (id, observacion, consulta_id, patologia_id) values (94, 'nisi eu orci mauris lacinia sapien quis libero nullam sit amet turpis elementum ligula vehicula consequat morbi', 78, 48);
insert into patologia_consulta (id, observacion, consulta_id, patologia_id) values (95, 'venenatis non sodales sed tincidunt eu felis fusce posuere felis', 48, 33);
insert into patologia_consulta (id, observacion, consulta_id, patologia_id) values (96, 'ligula pellentesque ultrices phasellus id sapien in sapien iaculis congue vivamus metus arcu adipiscing molestie', 16, 40);
insert into patologia_consulta (id, observacion, consulta_id, patologia_id) values (97, 'nunc donec quis orci eget orci vehicula condimentum curabitur in libero ut massa volutpat convallis morbi odio odio elementum', 64, 34);
insert into patologia_consulta (id, observacion, consulta_id, patologia_id) values (98, 'aliquam erat volutpat in congue etiam justo etiam pretium iaculis justo in hac', 14, 20);
insert into patologia_consulta (id, observacion, consulta_id, patologia_id) values (99, 'maecenas tristique est et tempus semper est quam pharetra magna ac consequat metus sapien ut nunc', 28, 43);
insert into patologia_consulta (id, observacion, consulta_id, patologia_id) values (100, 'quis libero nullam sit amet turpis elementum ligula vehicula consequat morbi a', 37, 23);

insert into tratamiento_consulta (id, observacion, consulta_id, tratamiento_id) values (1, 'velit id pretium iaculis diam erat fermentum justo nec condimentum neque sapien', 37, 5);
insert into tratamiento_consulta (id, observacion, consulta_id, tratamiento_id) values (2, 'nec condimentum neque sapien placerat ante nulla justo aliquam quis', 53, 21);
insert into tratamiento_consulta (id, observacion, consulta_id, tratamiento_id) values (3, 'ullamcorper purus sit amet nulla quisque arcu libero rutrum ac lobortis vel', 62, 14);
insert into tratamiento_consulta (id, observacion, consulta_id, tratamiento_id) values (4, 'vestibulum eget vulputate ut ultrices vel augue vestibulum ante ipsum primis in faucibus orci luctus et', 69, 50);
insert into tratamiento_consulta (id, observacion, consulta_id, tratamiento_id) values (5, 'at turpis a pede posuere nonummy integer non velit donec diam neque', 18, 1);
insert into tratamiento_consulta (id, observacion, consulta_id, tratamiento_id) values (6, 'odio odio elementum eu interdum eu tincidunt in leo maecenas pulvinar lobortis est phasellus', 7, 17);
insert into tratamiento_consulta (id, observacion, consulta_id, tratamiento_id) values (7, 'nisi venenatis tristique fusce congue diam id ornare imperdiet sapien urna pretium nisl', 8, 15);
insert into tratamiento_consulta (id, observacion, consulta_id, tratamiento_id) values (8, 'faucibus orci luctus et ultrices posuere cubilia curae nulla dapibus dolor vel est donec odio justo sollicitudin ut suscipit', 86, 17);
insert into tratamiento_consulta (id, observacion, consulta_id, tratamiento_id) values (9, 'orci luctus et ultrices posuere cubilia curae duis faucibus accumsan', 1, 10);
insert into tratamiento_consulta (id, observacion, consulta_id, tratamiento_id) values (10, 'congue risus semper porta volutpat quam pede lobortis ligula sit amet eleifend pede libero quis orci nullam', 51, 14);
insert into tratamiento_consulta (id, observacion, consulta_id, tratamiento_id) values (11, 'ultrices vel augue vestibulum ante ipsum primis in faucibus orci luctus et ultrices', 49, 33);
insert into tratamiento_consulta (id, observacion, consulta_id, tratamiento_id) values (12, 'mi sit amet lobortis sapien sapien non mi integer ac neque duis bibendum morbi non quam nec', 9, 30);
insert into tratamiento_consulta (id, observacion, consulta_id, tratamiento_id) values (13, 'leo rhoncus sed vestibulum sit amet cursus id turpis integer aliquet massa id', 72, 2);
insert into tratamiento_consulta (id, observacion, consulta_id, tratamiento_id) values (14, 'ante vivamus tortor duis mattis egestas metus aenean fermentum donec ut mauris eget massa tempor convallis', 14, 2);
insert into tratamiento_consulta (id, observacion, consulta_id, tratamiento_id) values (15, 'elit proin risus praesent lectus vestibulum quam sapien varius ut blandit non interdum in ante vestibulum ante ipsum primis in', 48, 44);
insert into tratamiento_consulta (id, observacion, consulta_id, tratamiento_id) values (16, 'purus phasellus in felis donec semper sapien a libero nam', 69, 9);
insert into tratamiento_consulta (id, observacion, consulta_id, tratamiento_id) values (17, 'egestas metus aenean fermentum donec ut mauris eget massa tempor convallis', 79, 17);
insert into tratamiento_consulta (id, observacion, consulta_id, tratamiento_id) values (18, 'sed nisl nunc rhoncus dui vel sem sed sagittis nam', 13, 14);
insert into tratamiento_consulta (id, observacion, consulta_id, tratamiento_id) values (19, 'nulla elit ac nulla sed vel enim sit amet nunc viverra dapibus nulla', 65, 7);
insert into tratamiento_consulta (id, observacion, consulta_id, tratamiento_id) values (20, 'et ultrices posuere cubilia curae duis faucibus accumsan odio curabitur convallis duis', 58, 40);
insert into tratamiento_consulta (id, observacion, consulta_id, tratamiento_id) values (21, 'odio elementum eu interdum eu tincidunt in leo maecenas pulvinar lobortis est phasellus sit amet erat nulla tempus vivamus', 5, 1);
insert into tratamiento_consulta (id, observacion, consulta_id, tratamiento_id) values (22, 'donec odio justo sollicitudin ut suscipit a feugiat et eros vestibulum ac est', 87, null);
insert into tratamiento_consulta (id, observacion, consulta_id, tratamiento_id) values (23, 'felis eu sapien cursus vestibulum proin eu mi nulla ac enim in tempor turpis nec euismod scelerisque quam turpis', 22, null);
insert into tratamiento_consulta (id, observacion, consulta_id, tratamiento_id) values (24, 'nec nisi volutpat eleifend donec ut dolor morbi vel lectus in quam fringilla rhoncus mauris', 21, 48);
insert into tratamiento_consulta (id, observacion, consulta_id, tratamiento_id) values (25, 'pretium nisl ut volutpat sapien arcu sed augue aliquam erat volutpat in congue etiam justo etiam pretium iaculis justo in', 28, 24);
insert into tratamiento_consulta (id, observacion, consulta_id, tratamiento_id) values (26, 'eros suspendisse accumsan tortor quis turpis sed ante vivamus tortor', 47, 48);
insert into tratamiento_consulta (id, observacion, consulta_id, tratamiento_id) values (27, 'in ante vestibulum ante ipsum primis in faucibus orci luctus et ultrices posuere cubilia curae duis faucibus accumsan odio curabitur', 53, 41);
insert into tratamiento_consulta (id, observacion, consulta_id, tratamiento_id) values (28, 'in felis eu sapien cursus vestibulum proin eu mi nulla ac enim in', 9, 2);
insert into tratamiento_consulta (id, observacion, consulta_id, tratamiento_id) values (29, 'convallis duis consequat dui nec nisi volutpat eleifend donec ut dolor morbi vel lectus in quam fringilla rhoncus', 100, 12);
insert into tratamiento_consulta (id, observacion, consulta_id, tratamiento_id) values (30, 'ipsum ac tellus semper interdum mauris ullamcorper purus sit amet nulla quisque arcu libero rutrum ac lobortis vel dapibus', 24, 21);
insert into tratamiento_consulta (id, observacion, consulta_id, tratamiento_id) values (31, 'ullamcorper augue a suscipit nulla elit ac nulla sed vel', 41, 25);
insert into tratamiento_consulta (id, observacion, consulta_id, tratamiento_id) values (32, 'aliquet maecenas leo odio condimentum id luctus nec molestie sed', 55, null);
insert into tratamiento_consulta (id, observacion, consulta_id, tratamiento_id) values (33, 'neque vestibulum eget vulputate ut ultrices vel augue vestibulum ante', 15, 24);
insert into tratamiento_consulta (id, observacion, consulta_id, tratamiento_id) values (34, 'sit amet sapien dignissim vestibulum vestibulum ante ipsum primis in faucibus orci luctus et ultrices posuere cubilia curae nulla', 67, 12);
insert into tratamiento_consulta (id, observacion, consulta_id, tratamiento_id) values (35, 'consequat morbi a ipsum integer a nibh in quis justo maecenas rhoncus aliquam', 85, 15);
insert into tratamiento_consulta (id, observacion, consulta_id, tratamiento_id) values (36, 'nonummy integer non velit donec diam neque vestibulum eget vulputate ut ultrices vel augue', 12, 46);
insert into tratamiento_consulta (id, observacion, consulta_id, tratamiento_id) values (37, 'lacus purus aliquet at feugiat non pretium quis lectus suspendisse potenti in eleifend quam a odio', 42, 11);
insert into tratamiento_consulta (id, observacion, consulta_id, tratamiento_id) values (38, 'massa id nisl venenatis lacinia aenean sit amet justo morbi ut odio cras', 36, 17);
insert into tratamiento_consulta (id, observacion, consulta_id, tratamiento_id) values (39, 'eu est congue elementum in hac habitasse platea dictumst morbi vestibulum velit id pretium iaculis diam erat', 24, 33);
insert into tratamiento_consulta (id, observacion, consulta_id, tratamiento_id) values (40, 'turpis donec posuere metus vitae ipsum aliquam non mauris morbi non lectus aliquam sit amet diam in magna bibendum', 56, 8);
insert into tratamiento_consulta (id, observacion, consulta_id, tratamiento_id) values (41, 'sociis natoque penatibus et magnis dis parturient montes nascetur ridiculus mus etiam', 42, 46);
insert into tratamiento_consulta (id, observacion, consulta_id, tratamiento_id) values (42, 'at turpis a pede posuere nonummy integer non velit donec diam', 48, 17);
insert into tratamiento_consulta (id, observacion, consulta_id, tratamiento_id) values (43, 'laoreet ut rhoncus aliquet pulvinar sed nisl nunc rhoncus dui vel sem sed', 11, null);
insert into tratamiento_consulta (id, observacion, consulta_id, tratamiento_id) values (44, 'velit nec nisi vulputate nonummy maecenas tincidunt lacus at velit vivamus vel nulla eget eros elementum pellentesque', 45, 38);
insert into tratamiento_consulta (id, observacion, consulta_id, tratamiento_id) values (45, 'curabitur in libero ut massa volutpat convallis morbi odio odio elementum eu interdum eu', 81, 48);
insert into tratamiento_consulta (id, observacion, consulta_id, tratamiento_id) values (46, 'in faucibus orci luctus et ultrices posuere cubilia curae mauris viverra diam vitae', 86, 3);
insert into tratamiento_consulta (id, observacion, consulta_id, tratamiento_id) values (47, 'ipsum primis in faucibus orci luctus et ultrices posuere cubilia curae nulla dapibus dolor vel est donec odio', 56, 44);
insert into tratamiento_consulta (id, observacion, consulta_id, tratamiento_id) values (48, 'ac nulla sed vel enim sit amet nunc viverra dapibus nulla suscipit ligula in lacus curabitur at ipsum ac', 94, null);
insert into tratamiento_consulta (id, observacion, consulta_id, tratamiento_id) values (49, 'blandit nam nulla integer pede justo lacinia eget tincidunt eget tempus vel pede morbi porttitor', 14, 38);
insert into tratamiento_consulta (id, observacion, consulta_id, tratamiento_id) values (50, 'pellentesque ultrices mattis odio donec vitae nisi nam ultrices libero non', 100, 31);
insert into tratamiento_consulta (id, observacion, consulta_id, tratamiento_id) values (51, 'in faucibus orci luctus et ultrices posuere cubilia curae donec pharetra magna vestibulum aliquet ultrices erat tortor', 6, 36);
insert into tratamiento_consulta (id, observacion, consulta_id, tratamiento_id) values (52, 'dictumst aliquam augue quam sollicitudin vitae consectetuer eget rutrum at lorem integer tincidunt ante vel ipsum praesent', 87, 30);
insert into tratamiento_consulta (id, observacion, consulta_id, tratamiento_id) values (53, 'et magnis dis parturient montes nascetur ridiculus mus etiam vel augue vestibulum rutrum rutrum neque aenean auctor gravida', 39, null);
insert into tratamiento_consulta (id, observacion, consulta_id, tratamiento_id) values (54, 'vivamus tortor duis mattis egestas metus aenean fermentum donec ut mauris', 80, 21);
insert into tratamiento_consulta (id, observacion, consulta_id, tratamiento_id) values (55, 'integer non velit donec diam neque vestibulum eget vulputate ut ultrices vel augue vestibulum ante ipsum primis', 15, 24);
insert into tratamiento_consulta (id, observacion, consulta_id, tratamiento_id) values (56, 'at turpis donec posuere metus vitae ipsum aliquam non mauris', 23, 42);
insert into tratamiento_consulta (id, observacion, consulta_id, tratamiento_id) values (57, 'interdum mauris non ligula pellentesque ultrices phasellus id sapien in sapien iaculis congue vivamus metus', 53, 40);
insert into tratamiento_consulta (id, observacion, consulta_id, tratamiento_id) values (58, 'ipsum integer a nibh in quis justo maecenas rhoncus aliquam', 34, 7);
insert into tratamiento_consulta (id, observacion, consulta_id, tratamiento_id) values (59, 'donec posuere metus vitae ipsum aliquam non mauris morbi non lectus aliquam sit amet diam in magna', 62, 3);
insert into tratamiento_consulta (id, observacion, consulta_id, tratamiento_id) values (60, 'curabitur in libero ut massa volutpat convallis morbi odio odio elementum eu interdum eu tincidunt in leo maecenas pulvinar lobortis', 88, 22);
insert into tratamiento_consulta (id, observacion, consulta_id, tratamiento_id) values (61, 'faucibus accumsan odio curabitur convallis duis consequat dui nec nisi volutpat eleifend donec ut dolor', 97, 26);
insert into tratamiento_consulta (id, observacion, consulta_id, tratamiento_id) values (62, 'sapien cursus vestibulum proin eu mi nulla ac enim in tempor turpis nec euismod scelerisque quam turpis adipiscing lorem vitae', 71, null);
insert into tratamiento_consulta (id, observacion, consulta_id, tratamiento_id) values (63, 'magna at nunc commodo placerat praesent blandit nam nulla integer pede justo lacinia eget tincidunt', 36, 47);
insert into tratamiento_consulta (id, observacion, consulta_id, tratamiento_id) values (64, 'cubilia curae donec pharetra magna vestibulum aliquet ultrices erat tortor sollicitudin mi sit amet lobortis sapien sapien', 47, 35);
insert into tratamiento_consulta (id, observacion, consulta_id, tratamiento_id) values (65, 'cras mi pede malesuada in imperdiet et commodo vulputate justo in blandit ultrices', 72, 38);
insert into tratamiento_consulta (id, observacion, consulta_id, tratamiento_id) values (66, 'nulla suscipit ligula in lacus curabitur at ipsum ac tellus semper interdum mauris ullamcorper purus sit', 54, 22);
insert into tratamiento_consulta (id, observacion, consulta_id, tratamiento_id) values (67, 'leo odio condimentum id luctus nec molestie sed justo pellentesque viverra pede ac diam cras pellentesque volutpat dui maecenas tristique', 99, 1);
insert into tratamiento_consulta (id, observacion, consulta_id, tratamiento_id) values (68, 'sed lacus morbi sem mauris laoreet ut rhoncus aliquet pulvinar', 2, null);
insert into tratamiento_consulta (id, observacion, consulta_id, tratamiento_id) values (69, 'blandit nam nulla integer pede justo lacinia eget tincidunt eget', 99, 35);
insert into tratamiento_consulta (id, observacion, consulta_id, tratamiento_id) values (70, 'nibh quisque id justo sit amet sapien dignissim vestibulum vestibulum ante ipsum primis', 93, 26);
insert into tratamiento_consulta (id, observacion, consulta_id, tratamiento_id) values (71, 'sapien quis libero nullam sit amet turpis elementum ligula vehicula consequat morbi a ipsum', 4, 37);
insert into tratamiento_consulta (id, observacion, consulta_id, tratamiento_id) values (72, 'risus praesent lectus vestibulum quam sapien varius ut blandit non interdum in ante vestibulum ante', 46, null);
insert into tratamiento_consulta (id, observacion, consulta_id, tratamiento_id) values (73, 'consequat varius integer ac leo pellentesque ultrices mattis odio donec vitae nisi nam ultrices libero non mattis', 6, 29);
insert into tratamiento_consulta (id, observacion, consulta_id, tratamiento_id) values (74, 'in quis justo maecenas rhoncus aliquam lacus morbi quis tortor id nulla ultrices', 78, 49);
insert into tratamiento_consulta (id, observacion, consulta_id, tratamiento_id) values (75, 'nisl nunc nisl duis bibendum felis sed interdum venenatis turpis enim blandit mi', 21, 17);
insert into tratamiento_consulta (id, observacion, consulta_id, tratamiento_id) values (76, 'lectus pellentesque eget nunc donec quis orci eget orci vehicula condimentum curabitur in libero ut massa', 7, 33);
insert into tratamiento_consulta (id, observacion, consulta_id, tratamiento_id) values (77, 'enim lorem ipsum dolor sit amet consectetuer adipiscing elit proin', 82, 2);
insert into tratamiento_consulta (id, observacion, consulta_id, tratamiento_id) values (78, 'nec condimentum neque sapien placerat ante nulla justo aliquam quis turpis eget elit sodales scelerisque mauris sit', 4, 14);
insert into tratamiento_consulta (id, observacion, consulta_id, tratamiento_id) values (79, 'elit proin interdum mauris non ligula pellentesque ultrices phasellus id sapien in sapien iaculis', 87, 47);
insert into tratamiento_consulta (id, observacion, consulta_id, tratamiento_id) values (80, 'faucibus cursus urna ut tellus nulla ut erat id mauris vulputate elementum nullam varius nulla', 38, 30);
insert into tratamiento_consulta (id, observacion, consulta_id, tratamiento_id) values (81, 'ligula sit amet eleifend pede libero quis orci nullam molestie nibh in lectus pellentesque at nulla suspendisse', 13, 42);
insert into tratamiento_consulta (id, observacion, consulta_id, tratamiento_id) values (82, 'volutpat quam pede lobortis ligula sit amet eleifend pede libero quis orci nullam molestie nibh in lectus pellentesque', 54, 3);
insert into tratamiento_consulta (id, observacion, consulta_id, tratamiento_id) values (83, 'ipsum ac tellus semper interdum mauris ullamcorper purus sit amet nulla quisque arcu libero rutrum ac lobortis vel dapibus', 33, 9);
insert into tratamiento_consulta (id, observacion, consulta_id, tratamiento_id) values (84, 'leo rhoncus sed vestibulum sit amet cursus id turpis integer', 78, null);
insert into tratamiento_consulta (id, observacion, consulta_id, tratamiento_id) values (85, 'in faucibus orci luctus et ultrices posuere cubilia curae nulla dapibus dolor', 20, 36);
insert into tratamiento_consulta (id, observacion, consulta_id, tratamiento_id) values (86, 'donec dapibus duis at velit eu est congue elementum in hac habitasse platea dictumst morbi vestibulum velit', 35, 1);
insert into tratamiento_consulta (id, observacion, consulta_id, tratamiento_id) values (87, 'non lectus aliquam sit amet diam in magna bibendum imperdiet nullam orci pede venenatis non sodales sed', 48, 31);
insert into tratamiento_consulta (id, observacion, consulta_id, tratamiento_id) values (88, 'magna vestibulum aliquet ultrices erat tortor sollicitudin mi sit amet lobortis sapien sapien', 11, 8);
insert into tratamiento_consulta (id, observacion, consulta_id, tratamiento_id) values (89, 'in sagittis dui vel nisl duis ac nibh fusce lacus purus', 58, 24);
insert into tratamiento_consulta (id, observacion, consulta_id, tratamiento_id) values (90, 'nunc nisl duis bibendum felis sed interdum venenatis turpis enim blandit', 28, 20);
insert into tratamiento_consulta (id, observacion, consulta_id, tratamiento_id) values (91, 'quis odio consequat varius integer ac leo pellentesque ultrices mattis', 61, 10);
insert into tratamiento_consulta (id, observacion, consulta_id, tratamiento_id) values (92, 'ornare imperdiet sapien urna pretium nisl ut volutpat sapien arcu sed augue aliquam erat volutpat in congue etiam', 90, 16);
insert into tratamiento_consulta (id, observacion, consulta_id, tratamiento_id) values (93, 'eget nunc donec quis orci eget orci vehicula condimentum curabitur in libero ut massa volutpat convallis morbi odio odio elementum', 94, null);
insert into tratamiento_consulta (id, observacion, consulta_id, tratamiento_id) values (94, 'phasellus id sapien in sapien iaculis congue vivamus metus arcu adipiscing molestie hendrerit at vulputate vitae nisl', 76, 39);
insert into tratamiento_consulta (id, observacion, consulta_id, tratamiento_id) values (95, 'posuere cubilia curae duis faucibus accumsan odio curabitur convallis duis consequat dui', 88, 42);
insert into tratamiento_consulta (id, observacion, consulta_id, tratamiento_id) values (96, 'morbi quis tortor id nulla ultrices aliquet maecenas leo odio condimentum id luctus nec molestie sed justo pellentesque', 1, 29);
insert into tratamiento_consulta (id, observacion, consulta_id, tratamiento_id) values (97, 'cras pellentesque volutpat dui maecenas tristique est et tempus semper est quam pharetra magna ac consequat metus sapien ut', 73, 21);
insert into tratamiento_consulta (id, observacion, consulta_id, tratamiento_id) values (98, 'ipsum dolor sit amet consectetuer adipiscing elit proin interdum mauris', 10, 47);
insert into tratamiento_consulta (id, observacion, consulta_id, tratamiento_id) values (99, 'nulla neque libero convallis eget eleifend luctus ultricies eu nibh quisque id justo sit amet sapien dignissim vestibulum vestibulum', 99, 15);
insert into tratamiento_consulta (id, observacion, consulta_id, tratamiento_id) values (100, 'est et tempus semper est quam pharetra magna ac consequat metus sapien ut nunc vestibulum ante ipsum primis in faucibus', 78, 2);

insert into usuario_rol (usuario_id, rol_id) values (1, 1);
insert into usuario_rol (usuario_id, rol_id) values (2, 1);
insert into usuario_rol (usuario_id, rol_id) values (3, 1);
insert into usuario_rol (usuario_id, rol_id) values (4, 1);
insert into usuario_rol (usuario_id, rol_id) values (5, 1);
insert into usuario_rol (usuario_id, rol_id) values (6, 1);
insert into usuario_rol (usuario_id, rol_id) values (7, 1);
insert into usuario_rol (usuario_id, rol_id) values (8, 3);
insert into usuario_rol (usuario_id, rol_id) values (9, 3);
insert into usuario_rol (usuario_id, rol_id) values (10, 3);
insert into usuario_rol (usuario_id, rol_id) values (11, 3);
insert into usuario_rol (usuario_id, rol_id) values (12, 3);
insert into usuario_rol (usuario_id, rol_id) values (13, 3);
insert into usuario_rol (usuario_id, rol_id) values (14, 2);
insert into usuario_rol (usuario_id, rol_id) values (15, 2);
insert into usuario_rol (usuario_id, rol_id) values (16, 2);
insert into usuario_rol (usuario_id, rol_id) values (17, 2);
insert into usuario_rol (usuario_id, rol_id) values (18, 2);
insert into usuario_rol (usuario_id, rol_id) values (19, 2);
insert into usuario_rol (usuario_id, rol_id) values (20, 2);
insert into usuario_rol (usuario_id, rol_id) values (21, 4);
insert into usuario_rol (usuario_id, rol_id) values (22, 4);
insert into usuario_rol (usuario_id, rol_id) values (23, 4);
insert into usuario_rol (usuario_id, rol_id) values (24, 4);
insert into usuario_rol (usuario_id, rol_id) values (25, 4);
insert into usuario_rol (usuario_id, rol_id) values (26, 4);
insert into usuario_rol (usuario_id, rol_id) values (27, 4);
insert into usuario_rol (usuario_id, rol_id) values (28, 4);
insert into usuario_rol (usuario_id, rol_id) values (29, 4);
insert into usuario_rol (usuario_id, rol_id) values (30, 4);
insert into usuario_rol (usuario_id, rol_id) values (31, 4);
insert into usuario_rol (usuario_id, rol_id) values (32, 4);
insert into usuario_rol (usuario_id, rol_id) values (33, 4);
insert into usuario_rol (usuario_id, rol_id) values (34, 4);
insert into usuario_rol (usuario_id, rol_id) values (35, 4);
insert into usuario_rol (usuario_id, rol_id) values (36, 4);
insert into usuario_rol (usuario_id, rol_id) values (37, 4);
insert into usuario_rol (usuario_id, rol_id) values (38, 4);
insert into usuario_rol (usuario_id, rol_id) values (39, 4);
insert into usuario_rol (usuario_id, rol_id) values (40, 4);
insert into usuario_rol (usuario_id, rol_id) values (41, 4);
insert into usuario_rol (usuario_id, rol_id) values (42, 4);
insert into usuario_rol (usuario_id, rol_id) values (43, 4);
insert into usuario_rol (usuario_id, rol_id) values (44, 4);
insert into usuario_rol (usuario_id, rol_id) values (45, 4);
insert into usuario_rol (usuario_id, rol_id) values (46, 4);
insert into usuario_rol (usuario_id, rol_id) values (47, 4);
insert into usuario_rol (usuario_id, rol_id) values (48, 4);
insert into usuario_rol (usuario_id, rol_id) values (49, 4);
insert into usuario_rol (usuario_id, rol_id) values (50, 4);
insert into usuario_rol (usuario_id, rol_id) values (51, 4);
insert into usuario_rol (usuario_id, rol_id) values (52, 4);
insert into usuario_rol (usuario_id, rol_id) values (53, 4);
insert into usuario_rol (usuario_id, rol_id) values (54, 4);
insert into usuario_rol (usuario_id, rol_id) values (55, 4);
insert into usuario_rol (usuario_id, rol_id) values (56, 4);
insert into usuario_rol (usuario_id, rol_id) values (57, 4);
insert into usuario_rol (usuario_id, rol_id) values (58, 4);
insert into usuario_rol (usuario_id, rol_id) values (59, 4);
insert into usuario_rol (usuario_id, rol_id) values (60, 4);
insert into usuario_rol (usuario_id, rol_id) values (61, 4);
insert into usuario_rol (usuario_id, rol_id) values (62, 4);
insert into usuario_rol (usuario_id, rol_id) values (63, 4);
insert into usuario_rol (usuario_id, rol_id) values (64, 4);
insert into usuario_rol (usuario_id, rol_id) values (65, 4);
insert into usuario_rol (usuario_id, rol_id) values (66, 4);
insert into usuario_rol (usuario_id, rol_id) values (67, 4);
insert into usuario_rol (usuario_id, rol_id) values (68, 4);
insert into usuario_rol (usuario_id, rol_id) values (69, 4);
insert into usuario_rol (usuario_id, rol_id) values (70, 4);
insert into usuario_rol (usuario_id, rol_id) values (71, 4);
insert into usuario_rol (usuario_id, rol_id) values (72, 4);
insert into usuario_rol (usuario_id, rol_id) values (73, 4);
insert into usuario_rol (usuario_id, rol_id) values (74, 4);
insert into usuario_rol (usuario_id, rol_id) values (75, 4);
insert into usuario_rol (usuario_id, rol_id) values (76, 4);
insert into usuario_rol (usuario_id, rol_id) values (77, 4);
insert into usuario_rol (usuario_id, rol_id) values (78, 4);
insert into usuario_rol (usuario_id, rol_id) values (79, 4);
insert into usuario_rol (usuario_id, rol_id) values (80, 4);
insert into usuario_rol (usuario_id, rol_id) values (81, 4);
insert into usuario_rol (usuario_id, rol_id) values (82, 4);
insert into usuario_rol (usuario_id, rol_id) values (83, 4);
insert into usuario_rol (usuario_id, rol_id) values (84, 4);
insert into usuario_rol (usuario_id, rol_id) values (85, 4);
insert into usuario_rol (usuario_id, rol_id) values (86, 4);
insert into usuario_rol (usuario_id, rol_id) values (87, 4);
insert into usuario_rol (usuario_id, rol_id) values (88, 4);
insert into usuario_rol (usuario_id, rol_id) values (89, 4);
insert into usuario_rol (usuario_id, rol_id) values (90, 4);
insert into usuario_rol (usuario_id, rol_id) values (91, 4);
insert into usuario_rol (usuario_id, rol_id) values (92, 4);
insert into usuario_rol (usuario_id, rol_id) values (93, 4);
insert into usuario_rol (usuario_id, rol_id) values (94, 4);
insert into usuario_rol (usuario_id, rol_id) values (95, 4);
insert into usuario_rol (usuario_id, rol_id) values (96, 4);
insert into usuario_rol (usuario_id, rol_id) values (97, 4);
insert into usuario_rol (usuario_id, rol_id) values (98, 4);
insert into usuario_rol (usuario_id, rol_id) values (99, 4);
insert into usuario_rol (usuario_id, rol_id) values (100, 4);
